A theater sells adult tickets for $ [a] and children 's tickets for $ [b] . If a total of $ [c] was taken in on sales of [d] total tickets , then how many adult tickets were sold ?	[a] * [m] + [b] * [n] = [c],[m] + [n] = [d]	[{'SentenceId': 0, 'TokenId': 7, 'Value': 8.0, 'coeff': 'a'}, {'SentenceId': 0, 'TokenId': 14, 'Value': 5.0, 'coeff': 'b'}, {'SentenceId': 1, 'TokenId': 5, 'Value': 236.0, 'coeff': 'c'}, {'SentenceId': 1, 'TokenId': 12, 'Value': 34.0, 'coeff': 'd'}]	[12.0, 22.0]
Two cars start from the same place and travel in opposite directions . One runs at an average rate which is [c] kilometers per hour faster than the other . Find their rates if after [a] hours , they are [b] km apart .	[a] * [m] + [a] * [m] = [b] - [a] * [c]	[{'SentenceId': 2, 'TokenId': 5, 'Value': 6.0, 'coeff': 'a'}, {'SentenceId': 2, 'TokenId': 10, 'Value': 702.0, 'coeff': 'b'}, {'SentenceId': 1, 'TokenId': 8, 'Value': 24.0, 'coeff': 'c'}]	[46.5]
[b] years ago , Hold was [a] times older than her son . Today , she is exactly [c] times as old as her son . How old are both Mrs. Hold and her son today ?	[m] - [a] * [n] = -1 * [a] * [b] + [b],[m] - [c] * [n] = 0	[{'SentenceId': 0, 'TokenId': 6, 'Value': 7.0, 'coeff': 'a'}, {'SentenceId': 0, 'TokenId': 0, 'Value': 8.0, 'coeff': 'b'}, {'SentenceId': 1, 'TokenId': 5, 'Value': 3.0, 'coeff': 'c'}]	[36.0, 12.0]
A real estate salesperson bought promotional calendars and date books to give to her customers at the end of the year . The calendars cost $ [a] each , and the date books cost $ [b] each . She ordered a total of [d] promotional items and spent $ [c] . How many of each item did she order ?	[a] * [m] + [b] * [n] = [c],[m] + [n] = [d]	[{'SentenceId': 1, 'TokenId': 4, 'Value': 0.75, 'coeff': 'a'}, {'SentenceId': 1, 'TokenId': 13, 'Value': 0.5, 'coeff': 'b'}, {'SentenceId': 2, 'TokenId': 11, 'Value': 300.0, 'coeff': 'c'}, {'SentenceId': 2, 'TokenId': 5, 'Value': 500.0, 'coeff': 'd'}]	[300.0, 200.0]
You invested a total of $ [d] in 2 different banks . One bank pays [a] % interest , and the other bank pays [b] % interest . If you earn a total of $ [c] in interest the first year , how much did you invest in each bank ?	0.01 * [a] * [m] + 0.01 * [b] * [n] = [c],[n] + [m] = [d]	[{'SentenceId': 1, 'TokenId': 3, 'Value': 4.0, 'coeff': 'a'}, {'SentenceId': 1, 'TokenId': 12, 'Value': 6.5, 'coeff': 'b'}, {'SentenceId': 2, 'TokenId': 7, 'Value': 282.5, 'coeff': 'c'}, {'SentenceId': 0, 'TokenId': 6, 'Value': 5000.0, 'coeff': 'd'}]	[1700.0, 3300.0]
Adult tickets for a play cost $ [a] and child tickets cost $ [b] . If there were [d] people at a performance and the theater collected $ [c] from ticket sales , how many children attended the play ?	[a] * [m] + [b] * [n] = [c],[m] + [n] = [d]	[{'SentenceId': 0, 'TokenId': 7, 'Value': 16.0, 'coeff': 'a'}, {'SentenceId': 0, 'TokenId': 13, 'Value': 9.0, 'coeff': 'b'}, {'SentenceId': 1, 'TokenId': 13, 'Value': 258.0, 'coeff': 'c'}, {'SentenceId': 1, 'TokenId': 3, 'Value': 24.0, 'coeff': 'd'}]	[18.0, 6.0]
How much [a] % anti-freeze should be mixed with [b] % anti-freeze to get [c] liters of [d] % anti-freeze ?	[a] * [m] + [b] * [n] = [c] * [d],[m] + [n] = [c]	[{'SentenceId': 0, 'TokenId': 2, 'Value': 20.0, 'coeff': 'a'}, {'SentenceId': 0, 'TokenId': 9, 'Value': 60.0, 'coeff': 'b'}, {'SentenceId': 0, 'TokenId': 14, 'Value': 10.0, 'coeff': 'c'}, {'SentenceId': 0, 'TokenId': 17, 'Value': 28.0, 'coeff': 'd'}]	[2.0, 8.0]
A woman invests [d] times as much at [a] % as she did at [b] % . The total amount of interest she earns in 1 year from both accounts is $ [c] . How much did she invest at each rate ?	0.01 * [a] * [m] + 0.01 * [b] * [n] = [c],[m] - [d] * [n] = 0	[{'SentenceId': 0, 'TokenId': 8, 'Value': 5.0, 'coeff': 'a'}, {'SentenceId': 0, 'TokenId': 14, 'Value': 6.0, 'coeff': 'b'}, {'SentenceId': 1, 'TokenId': 15, 'Value': 520.0, 'coeff': 'c'}, {'SentenceId': 0, 'TokenId': 3, 'Value': 4.0, 'coeff': 'd'}]	[2000.0, 8000.0]
If Sally can paint a house in [a] hours , and John can paint the same house in [b] hour , how long will it take for both of them to paint the house together ?	1 / [a] * [m] + 1 / [b] * [m] = 1	[{'SentenceId': 0, 'TokenId': 7, 'Value': 4.0, 'coeff': 'a'}, {'SentenceId': 0, 'TokenId': 18, 'Value': 6.0, 'coeff': 'b'}]	[2.4]
Ruffy is [d] as old as Orlie . [b] years ago , Ruffy was [c] year more than [a] old as Orlie . How old is each ?	[m] - [a] * [n] = -1 * [a] * [b] + [c] + [b],[m] - [d] * [n] = 0	[{'SentenceId': 1, 'TokenId': 10, 'Value': 0.5, 'coeff': 'a'}, {'SentenceId': 1, 'TokenId': 0, 'Value': 4.0, 'coeff': 'b'}, {'SentenceId': 1, 'TokenId': 6, 'Value': 1.0, 'coeff': 'c'}, {'SentenceId': 0, 'TokenId': 2, 'Value': 0.75, 'coeff': 'd'}]	[9.0, 12.0]
[a] of a number increased by [c] is [b] , what is the number ?	[a] * [m] = [b] - [c]	[{'SentenceId': 0, 'TokenId': 0, 'Value': 0.6666666865348816, 'coeff': 'a'}, {'SentenceId': 0, 'TokenId': 8, 'Value': 1.6666666269302368, 'coeff': 'b'}, {'SentenceId': 0, 'TokenId': 6, 'Value': 0.75, 'coeff': 'c'}]	[1.375]
how many quarts of pure antifreeze must be added to [b] quarts of a [c] % antifreeze solution to obtain a [a] % antifreeze solution ?	[m] - 0.01 * [a] * [m] = 0.01 * [a] * [b] - 0.01 * [c] * [b]	[{'SentenceId': 0, 'TokenId': 21, 'Value': 20.0, 'coeff': 'a'}, {'SentenceId': 0, 'TokenId': 10, 'Value': 4.0, 'coeff': 'b'}, {'SentenceId': 0, 'TokenId': 14, 'Value': 10.0, 'coeff': 'c'}]	[0.5]
an auto mechanic needs [c] gallons of anti-freeze with a [d] percent glycol concentration . he has on hand only anti-freeze with a [a] percent glycol concentration and one with a [b] percent glycol concentration . How much of the 40 percent should he mix with the 10 percent to get the 24 gallons of 30 percent solution he needs ?	[a] * [m] + [b] * [n] = [c] * [d],[m] + [n] = [c]	[{'SentenceId': 1, 'TokenId': 8, 'Value': 40.0, 'coeff': 'a'}, {'SentenceId': 1, 'TokenId': 16, 'Value': 10.0, 'coeff': 'b'}, {'SentenceId': 0, 'TokenId': 4, 'Value': 24.0, 'coeff': 'c'}, {'SentenceId': 0, 'TokenId': 10, 'Value': 30.0, 'coeff': 'd'}]	[16.0, 8.0]
You invest $ [c] in two accounts paying [a] % and [b] % annual interest , repectively . At the end of the year , the accounts earn the same interest . How much was invested at each investment ?	[a] * [m] - [b] * [n] = 0,[m] + [n] = [c]	[{'SentenceId': 0, 'TokenId': 8, 'Value': 8.0, 'coeff': 'a'}, {'SentenceId': 0, 'TokenId': 11, 'Value': 10.0, 'coeff': 'b'}, {'SentenceId': 0, 'TokenId': 3, 'Value': 7200.0, 'coeff': 'c'}]	[4000.0, 3200.0]
There are [d] Douglas fir and ponderosa pine trees in a section of forest bought by Sawz Logging Co. . The company paid an average of $ [a] for each Douglas fir and $ [b] for each ponderosa pine . If the company paid $ [c] for the trees , how many of each kind did the company buy ?	[a] * [m] + [b] * [n] = [c],[m] + [n] = [d]	[{'SentenceId': 1, 'TokenId': 7, 'Value': 300.0, 'coeff': 'a'}, {'SentenceId': 1, 'TokenId': 14, 'Value': 225.0, 'coeff': 'b'}, {'SentenceId': 2, 'TokenId': 5, 'Value': 217500.0, 'coeff': 'c'}, {'SentenceId': 0, 'TokenId': 2, 'Value': 850.0, 'coeff': 'd'}]	[350.0, 500.0]
a number is [a] times the sum of its digits . the tens digits is [b] greater than the units digit . find the number .	10 * [m] + [n] - [a] * [m] - [a] * [n] = 0,[m] - [n] = [b]	[{'SentenceId': 0, 'TokenId': 3, 'Value': 8.0, 'coeff': 'a'}, {'SentenceId': 1, 'TokenId': 4, 'Value': 5.0, 'coeff': 'b'}]	[7.0, 2.0]
The sum of [a] times a first number and [b] a second number is [c] . If the second number is subtracted from [d] the first number , the result if [e] . Find the numbers .	[a] * [m] + [b] * [n] = [c],[d] * [m] - [n] = [e]	[{'SentenceId': 0, 'TokenId': 3, 'Value': 3.0, 'coeff': 'a'}, {'SentenceId': 0, 'TokenId': 9, 'Value': 2.0, 'coeff': 'b'}, {'SentenceId': 0, 'TokenId': 14, 'Value': 8.0, 'coeff': 'c'}, {'SentenceId': 1, 'TokenId': 7, 'Value': 2.0, 'coeff': 'd'}, {'SentenceId': 1, 'TokenId': 15, 'Value': 3.0, 'coeff': 'e'}]	[2.0, 1.0]
Tom 's home is [d] m from his school . One morning he walked part of the way and then ran the rest . If it took him [c] min or less to get to school and he walks [b] m/min and runs [a] m/min how far did he run ?	1 / [a] * [m] + 1 / [b] * [n] = [c],[n] + [m] = [d]	[{'SentenceId': 2, 'TokenId': 19, 'Value': 210.0, 'coeff': 'a'}, {'SentenceId': 2, 'TokenId': 15, 'Value': 70.0, 'coeff': 'b'}, {'SentenceId': 2, 'TokenId': 4, 'Value': 20.0, 'coeff': 'c'}, {'SentenceId': 0, 'TokenId': 4, 'Value': 1800.0, 'coeff': 'd'}]	[600.0, 1200.0]
[d] more than [a] times a number is equal to the difference between [c] and [b] times the number . find the number ?	[a] * [m] + [b] * [m] = [c] - [d]	[{'SentenceId': 0, 'TokenId': 3, 'Value': 4.0, 'coeff': 'a'}, {'SentenceId': 0, 'TokenId': 15, 'Value': 3.0, 'coeff': 'b'}, {'SentenceId': 0, 'TokenId': 13, 'Value': 166.0, 'coeff': 'c'}, {'SentenceId': 0, 'TokenId': 0, 'Value': 19.0, 'coeff': 'd'}]	[21.0]
A cyclist can travel [b] miles in [a] hours . At this rate , how far can the same cyclist travel in [c] hour ?	[a] * [m] = [b] * [c]	[{'SentenceId': 0, 'TokenId': 7, 'Value': 2.0, 'coeff': 'a'}, {'SentenceId': 0, 'TokenId': 4, 'Value': 29.6, 'coeff': 'b'}, {'SentenceId': 1, 'TokenId': 12, 'Value': 0.75, 'coeff': 'c'}]	[11.1]
Angela is [c] times as old as Beth . [b] years ago the sum of their ages was [a] years how old will angela be in five years ?	[m] + [n] = [a] + [b] + [b],[m] - [c] * [n] = 0	[{'SentenceId': 1, 'TokenId': 9, 'Value': 45.0, 'coeff': 'a'}, {'SentenceId': 1, 'TokenId': 0, 'Value': 5.0, 'coeff': 'b'}, {'SentenceId': 0, 'TokenId': 2, 'Value': 4.0, 'coeff': 'c'}]	[44.0, 11.0]
A silversmith has two alloys , one containing [a] % silver and the other [b] % silver . How much of each should be melted and combined to obtain [c] grams of an alloy containing [d] % silver ?	[a] * [m] + [b] * [n] = [c] * [d],[m] + [n] = [c]	[{'SentenceId': 0, 'TokenId': 8, 'Value': 70.0, 'coeff': 'a'}, {'SentenceId': 0, 'TokenId': 14, 'Value': 40.0, 'coeff': 'b'}, {'SentenceId': 1, 'TokenId': 11, 'Value': 400.0, 'coeff': 'c'}, {'SentenceId': 1, 'TokenId': 17, 'Value': 61.0, 'coeff': 'd'}]	[280.0, 120.0]
The sum of two numbers is [d] . The sum of [a] times the smaller number and [b] times the larger number is [c] . What are the numbers ?	[a] * [m] + [b] * [n] = [c],[m] + [n] = [d]	[{'SentenceId': 1, 'TokenId': 3, 'Value': 3.0, 'coeff': 'a'}, {'SentenceId': 1, 'TokenId': 9, 'Value': 4.0, 'coeff': 'b'}, {'SentenceId': 1, 'TokenId': 15, 'Value': 56.0, 'coeff': 'c'}, {'SentenceId': 0, 'TokenId': 6, 'Value': 18.0, 'coeff': 'd'}]	[2.0, 16.0]
When [a] % of a number is added to the number , the result is [b] . What is the number ?	[m] + 0.01 * [a] * [m] = [b]	[{'SentenceId': 0, 'TokenId': 1, 'Value': 80.0, 'coeff': 'a'}, {'SentenceId': 0, 'TokenId': 15, 'Value': 252.0, 'coeff': 'b'}]	[140.0]
Two tanks hold a total of [c] gallons of a toxic solvent . One tank holds [b] gallons more than [a] the amount in the other . How many gallons does each tank hold ?	[m] - [a] * [n] = [b],[m] + [n] = [c]	[{'SentenceId': 1, 'TokenId': 7, 'Value': 2.0, 'coeff': 'a'}, {'SentenceId': 1, 'TokenId': 3, 'Value': 9.0, 'coeff': 'b'}, {'SentenceId': 0, 'TokenId': 6, 'Value': 54.0, 'coeff': 'c'}]	[39.0, 15.0]
Clarence and Stephan went to the amusement park . Clarence rode the water slide [a] times and the roller coaster [b] times for a total $ [c] . Stephan rode the water slide [d] times and the roller coaster [e] times for a total of $ [f] . How much did each ride cost ?	[a] * [m] + [b] * [n] = [c],[d] * [m] + [e] * [n] = [f]	[{'SentenceId': 1, 'TokenId': 5, 'Value': 3.0, 'coeff': 'a'}, {'SentenceId': 1, 'TokenId': 11, 'Value': 3.0, 'coeff': 'b'}, {'SentenceId': 1, 'TokenId': 17, 'Value': 17.7, 'coeff': 'c'}, {'SentenceId': 2, 'TokenId': 5, 'Value': 2.0, 'coeff': 'd'}, {'SentenceId': 2, 'TokenId': 11, 'Value': 3.0, 'coeff': 'e'}, {'SentenceId': 2, 'TokenId': 18, 'Value': 15.54, 'coeff': 'f'}]	[2.16, 3.74]
The sum of two numbers is [a] . The difference of the same two numbers is [b] . What are the two numbers ?	[m] + [n] = [a],[m] - [n] = [b]	[{'SentenceId': 0, 'TokenId': 6, 'Value': 43.0, 'coeff': 'a'}, {'SentenceId': 1, 'TokenId': 8, 'Value': 12.0, 'coeff': 'b'}]	[15.5, 27.5]
Two cars leave town at the sime time traveling in opposite dirrections . One travels [a] mi/h and the other [b] mi/h . In how many hours will they be [c] miles apart ?	[a] * [m] + [b] * [m] = [c]	[{'SentenceId': 1, 'TokenId': 2, 'Value': 70.0, 'coeff': 'a'}, {'SentenceId': 1, 'TokenId': 7, 'Value': 55.0, 'coeff': 'b'}, {'SentenceId': 2, 'TokenId': 7, 'Value': 250.0, 'coeff': 'c'}]	[2.0]
The larger of two numbers is [b] more than [a] times the smaller . Their sum is [c] . FIND THE numbers .	[m] - [a] * [n] = [b],[m] + [n] = [c]	[{'SentenceId': 0, 'TokenId': 9, 'Value': 4.0, 'coeff': 'a'}, {'SentenceId': 0, 'TokenId': 6, 'Value': 2.0, 'coeff': 'b'}, {'SentenceId': 1, 'TokenId': 3, 'Value': 67.0, 'coeff': 'c'}]	[13.0, 54.0]
A total of $ [d] is invested in two funds paying [a] % and [b] % simple interest . The annual interest is $ [c] . How much is invested in each fund ?	0.01 * [a] * [m] + 0.01 * [b] * [n] = [c],[n] + [m] = [d]	[{'SentenceId': 0, 'TokenId': 11, 'Value': 8.0, 'coeff': 'a'}, {'SentenceId': 0, 'TokenId': 14, 'Value': 8.5, 'coeff': 'b'}, {'SentenceId': 1, 'TokenId': 5, 'Value': 4120.0, 'coeff': 'c'}, {'SentenceId': 0, 'TokenId': 4, 'Value': 50000.0, 'coeff': 'd'}]	[26000.0, 24000.0]
How many ounces of pure chocolate must be added to [b] ounces of chocolate topping that is [c] % chocolate to make a topping that is [a] % chocolate ?	[m] - 0.01 * [a] * [m] = 0.01 * [a] * [b] - 0.01 * [c] * [b]	[{'SentenceId': 0, 'TokenId': 26, 'Value': 75.0, 'coeff': 'a'}, {'SentenceId': 0, 'TokenId': 10, 'Value': 220.0, 'coeff': 'b'}, {'SentenceId': 0, 'TokenId': 17, 'Value': 50.0, 'coeff': 'c'}]	[220.0]
How much pure iodine must be added to [b] mL of [c] % iodine solution to get a [a] % iodine solution ?	[m] - 0.01 * [a] * [m] = 0.01 * [a] * [b] - 0.01 * [c] * [b]	[{'SentenceId': 0, 'TokenId': 18, 'Value': 20.0, 'coeff': 'a'}, {'SentenceId': 0, 'TokenId': 8, 'Value': 250.0, 'coeff': 'b'}, {'SentenceId': 0, 'TokenId': 11, 'Value': 8.0, 'coeff': 'c'}]	[37.5]
If one number exceeds another number by [a] and the larger number is [b] times the smaller number , what is the smaller number ?	[m] - [n] = [a],[m] - [b] * [n] = 0	[{'SentenceId': 0, 'TokenId': 7, 'Value': 13.0, 'coeff': 'a'}, {'SentenceId': 0, 'TokenId': 13, 'Value': 1.5, 'coeff': 'b'}]	[26.0, 39.0]
Serena is [b] years old . Her mother is [c] years old . In how many years will her mother be [a] times as old as Serena ?	[m] - [a] * [m] = [a] * [b] - [c]	[{'SentenceId': 2, 'TokenId': 8, 'Value': 3.0, 'coeff': 'a'}, {'SentenceId': 0, 'TokenId': 2, 'Value': 9.0, 'coeff': 'b'}, {'SentenceId': 1, 'TokenId': 3, 'Value': 39.0, 'coeff': 'c'}]	[6.0]
A and B starts running towards each other with speed of [a] m/hr and [b] miles/hr initially they are [c] miles apart when they start . After how many hr will they meet .	[a] * [m] + [b] * [m] = [c]	[{'SentenceId': 0, 'TokenId': 11, 'Value': 30.0, 'coeff': 'a'}, {'SentenceId': 0, 'TokenId': 14, 'Value': 20.0, 'coeff': 'b'}, {'SentenceId': 0, 'TokenId': 19, 'Value': 500.0, 'coeff': 'c'}]	[10.0]
A pilot flew an average of [a] mph on a flight out . On the return flight to the same airport , he flew at an average speed of [b] mph . The total flight time was [c] hours . How far did he fly each way ?	1 / [a] * [m] + 1 / [b] * [m] = [c]	[{'SentenceId': 0, 'TokenId': 6, 'Value': 300.0, 'coeff': 'a'}, {'SentenceId': 1, 'TokenId': 16, 'Value': 500.0, 'coeff': 'b'}, {'SentenceId': 2, 'TokenId': 5, 'Value': 8.0, 'coeff': 'c'}]	[1500.0]
A man [b] years old has a son who is [c] years old . How many years ago was the father [a] times as old as his son ?	-1 * [a] * [m] + [m] = [b] - [a] * [c]	[{'SentenceId': 1, 'TokenId': 7, 'Value': 7.0, 'coeff': 'a'}, {'SentenceId': 0, 'TokenId': 2, 'Value': 38.0, 'coeff': 'b'}, {'SentenceId': 0, 'TokenId': 10, 'Value': 14.0, 'coeff': 'c'}]	[10.0]
if the ratio of two brothers ' ages is [b] to [a] and their total age is [c] years old , what is the difference in their ages ?	[a] * [m] - [b] * [n] = 0,[m] + [n] = [c]	[{'SentenceId': 0, 'TokenId': 11, 'Value': 2.0, 'coeff': 'a'}, {'SentenceId': 0, 'TokenId': 9, 'Value': 3.0, 'coeff': 'b'}, {'SentenceId': 0, 'TokenId': 17, 'Value': 60.0, 'coeff': 'c'}]	[24.0, 36.0]
the cooling system in ann 's car contains [c] liters of [a] % antifreeze . how much coolant must be drained out and replaced with [b] % antifreeze so that the system will contain [d] % antifreeze . how much of the original coolant will be left in the car ?	[a] * [m] + [b] * [n] = [c] * [d],[m] + [n] = [c]	[{'SentenceId': 0, 'TokenId': 11, 'Value': 30.0, 'coeff': 'a'}, {'SentenceId': 1, 'TokenId': 10, 'Value': 80.0, 'coeff': 'b'}, {'SentenceId': 0, 'TokenId': 8, 'Value': 19.0, 'coeff': 'c'}, {'SentenceId': 1, 'TokenId': 19, 'Value': 50.0, 'coeff': 'd'}]	[7.6, 11.4]
You invest $ [d] in two accounts paying [a] % and [b] % respectively . If the interest at year 's end is [c] , how much of that amount did you invest at each rate ?	0.01 * [a] * [m] + 0.01 * [b] * [n] = [c],[n] + [m] = [d]	[{'SentenceId': 0, 'TokenId': 8, 'Value': 8.0, 'coeff': 'a'}, {'SentenceId': 0, 'TokenId': 11, 'Value': 5.0, 'coeff': 'b'}, {'SentenceId': 1, 'TokenId': 8, 'Value': 490.0, 'coeff': 'c'}, {'SentenceId': 0, 'TokenId': 3, 'Value': 8000.0, 'coeff': 'd'}]	[3000.0, 5000.0]
Ben is [b] years younger than Dan . The sum of their ages is [a] . How old is each ?	[m] + [n] = [a],[m] - [n] = [b]	[{'SentenceId': 1, 'TokenId': 6, 'Value': 53.0, 'coeff': 'a'}, {'SentenceId': 0, 'TokenId': 2, 'Value': 3.0, 'coeff': 'b'}]	[25.0, 28.0]
a coumputer online service charges one hourly price for regular use but a higher hourly rate for designated '' permium '' areas . One customer was charged $ [c] after spending [a] h in permium areas and [b] regular hours . Another spent [d] h in the permium areas and [e] regular hours and was charged $ [f] . What does the online service charge per hour for regular and premium service ?	[a] * [m] + [b] * [n] = [c],[d] * [m] + [e] * [n] = [f]	[{'SentenceId': 1, 'TokenId': 8, 'Value': 2.0, 'coeff': 'a'}, {'SentenceId': 1, 'TokenId': 14, 'Value': 9.0, 'coeff': 'b'}, {'SentenceId': 1, 'TokenId': 5, 'Value': 28.0, 'coeff': 'c'}, {'SentenceId': 2, 'TokenId': 2, 'Value': 3.0, 'coeff': 'd'}, {'SentenceId': 2, 'TokenId': 9, 'Value': 6.0, 'coeff': 'e'}, {'SentenceId': 2, 'TokenId': 16, 'Value': 27.0, 'coeff': 'f'}]	[5.0, 2.0]
the difference between two numbers is [c] . When [a] times the smaller number is added to [d] , the result is [e] less than [b] times the larger number . find the numbers .	[a] * [m] - [b] * [n] = -1 * [c] - [d],[m] - [n] = [e]	[{'SentenceId': 1, 'TokenId': 1, 'Value': 8.0, 'coeff': 'a'}, {'SentenceId': 1, 'TokenId': 17, 'Value': 3.0, 'coeff': 'b'}, {'SentenceId': 0, 'TokenId': 6, 'Value': 10.0, 'coeff': 'c'}, {'SentenceId': 1, 'TokenId': 9, 'Value': 40.0, 'coeff': 'd'}, {'SentenceId': 1, 'TokenId': 14, 'Value': 10.0, 'coeff': 'e'}]	[-16.0, -26.0]
piggy bank consists of [a] and [b] . there are [d] coins worth $ [c] , how many nickels and dimes are in the piggy bank .	[a] * [m] + [b] * [n] = [c],[m] + [n] = [d]	[{'SentenceId': 0, 'TokenId': 4, 'Value': 0.05000000074505806, 'coeff': 'a'}, {'SentenceId': 0, 'TokenId': 6, 'Value': 0.10000000149011612, 'coeff': 'b'}, {'SentenceId': 1, 'TokenId': 6, 'Value': 1.9, 'coeff': 'c'}, {'SentenceId': 1, 'TokenId': 2, 'Value': 30.0, 'coeff': 'd'}]	[22.0, 8.0]
the age of the father is [b] the sum of the ages of his two children . after [a] years , his age will be equal to the sum of the ages of his children .	[m] - [n] = [a],[m] - [b] * [n] = 0	[{'SentenceId': 1, 'TokenId': 1, 'Value': 20.0, 'coeff': 'a'}, {'SentenceId': 0, 'TokenId': 6, 'Value': 2.0, 'coeff': 'b'}]	[40.0, 20.0]
A two-digit counting number has a value that is [a] times the sum of its digits . If [b] times the units ' digit is [c] more than the tens ' digit , what is the number .	10 * [m] + [n] - [a] * [m] - [a] * [n] = 0,[b] * [n] - [m] = [c]	[{'SentenceId': 0, 'TokenId': 9, 'Value': 7.0, 'coeff': 'a'}, {'SentenceId': 1, 'TokenId': 1, 'Value': 5.0, 'coeff': 'b'}, {'SentenceId': 1, 'TokenId': 8, 'Value': 9.0, 'coeff': 'c'}]	[6.0, 3.0]
The sum of two numbers is [d] . [b] times one of the numbers is [c] less than [a] times the other.Find the numbers .	[a] * [m] - [b] * [n] = [c],[n] + [m] = [d]	[{'SentenceId': 1, 'TokenId': 0, 'Value': 3.0, 'coeff': 'b'}, {'SentenceId': 1, 'TokenId': 7, 'Value': 11.0, 'coeff': 'c'}, {'SentenceId': 1, 'TokenId': 10, 'Value': 5.0, 'coeff': 'a'}, {'SentenceId': 0, 'TokenId': 6, 'Value': 15.0, 'coeff': 'd'}]	[8.0, 7.0]
On an algebra test , theh highest grade was [b] points more than the lowest grade . The sum of the two grades was [a] . Find the highest grade .	[m] + [n] = [a],[m] - [n] = [b]	[{'SentenceId': 1, 'TokenId': 7, 'Value': 140.0, 'coeff': 'a'}, {'SentenceId': 0, 'TokenId': 9, 'Value': 44.0, 'coeff': 'b'}]	[48.0, 92.0]
A cashier has [d] bills , all of which are $ [a] or $ [b] bills . The total value of the money is $ [c] . How many of each type does the cashier have ?	[a] * [m] + [b] * [n] = [c],[m] + [n] = [d]	[{'SentenceId': 0, 'TokenId': 11, 'Value': 10.0, 'coeff': 'a'}, {'SentenceId': 0, 'TokenId': 14, 'Value': 20.0, 'coeff': 'b'}, {'SentenceId': 1, 'TokenId': 8, 'Value': 330.0, 'coeff': 'c'}, {'SentenceId': 0, 'TokenId': 3, 'Value': 30.0, 'coeff': 'd'}]	[27.0, 3.0]
How many liters of a [a] % alcohol solution must be mixed with [c] liters of a [d] % solution to get a [b] % solution ?	[a] * [m] - [b] * [m] = [b] * [c] - [c] * [d]	[{'SentenceId': 0, 'TokenId': 5, 'Value': 20.0, 'coeff': 'a'}, {'SentenceId': 0, 'TokenId': 23, 'Value': 50.0, 'coeff': 'b'}, {'SentenceId': 0, 'TokenId': 13, 'Value': 60.0, 'coeff': 'c'}, {'SentenceId': 0, 'TokenId': 17, 'Value': 70.0, 'coeff': 'd'}]	[40.0]
[c] gallons of a light green latex paint that is [d] % yellow paint are combined with a darker green latex paint that is [a] % yellow paint . How many gallons of the darker green paint must be used to create a green paint that is [b] % yellow paint ?	[a] * [m] - [b] * [m] = [b] * [c] - [c] * [d]	[{'SentenceId': 0, 'TokenId': 24, 'Value': 40.0, 'coeff': 'a'}, {'SentenceId': 1, 'TokenId': 18, 'Value': 25.0, 'coeff': 'b'}, {'SentenceId': 0, 'TokenId': 0, 'Value': 5.0, 'coeff': 'c'}, {'SentenceId': 0, 'TokenId': 10, 'Value': 20.0, 'coeff': 'd'}]	[1.66666666667]
Sam does the job in [a] days that Lisa can do in [b] days that Tom can do in [c] days . How long would it take to do the job if they all worked together ?	1 / [a] * [m] + 1 / [b] * [m] + 1 / [c] * [m] = 1	[{'SentenceId': 0, 'TokenId': 5, 'Value': 4.0, 'coeff': 'a'}, {'SentenceId': 0, 'TokenId': 12, 'Value': 6.0, 'coeff': 'b'}, {'SentenceId': 0, 'TokenId': 19, 'Value': 2.0, 'coeff': 'c'}]	[1.09090909091]
Gina has a pile of [d] [a] and [b] worth $ [c] . How much of each type does she have ?	[a] * [m] + [b] * [n] = [c],[m] + [n] = [d]	[{'SentenceId': 0, 'TokenId': 6, 'Value': 0.10000000149011612, 'coeff': 'a'}, {'SentenceId': 0, 'TokenId': 8, 'Value': 0.05000000074505806, 'coeff': 'b'}, {'SentenceId': 0, 'TokenId': 11, 'Value': 4.3, 'coeff': 'c'}, {'SentenceId': 0, 'TokenId': 5, 'Value': 50.0, 'coeff': 'd'}]	[14.0, 36.0]
[a] liter of cream contains [d] percent butterfat . How much skim milk containing [c] percent butterfat must be added to the mixture to obtain one liter of mixture with [b] percent butterfat ?	[a] * [m] - [b] * [m] = [b] * [c] - [c] * [d]	[{'SentenceId': 0, 'TokenId': 0, 'Value': 1.0, 'coeff': 'a'}, {'SentenceId': 1, 'TokenId': 21, 'Value': 6.5, 'coeff': 'b'}, {'SentenceId': 1, 'TokenId': 5, 'Value': 5.5, 'coeff': 'c'}, {'SentenceId': 0, 'TokenId': 5, 'Value': 9.5, 'coeff': 'd'}]	[3.0]
Please help me with this problem . I do not know how to set it up . How can $ [c] be invested , part of it at [a] % and the rest of it invested at [b] % , so that the two investments will produce the same amount of interest ?	[a] * [m] - [b] * [n] = 0,[m] + [n] = [c]	[{'SentenceId': 2, 'TokenId': 11, 'Value': 8.0, 'coeff': 'a'}, {'SentenceId': 2, 'TokenId': 20, 'Value': 10.0, 'coeff': 'b'}, {'SentenceId': 2, 'TokenId': 3, 'Value': 5400.0, 'coeff': 'c'}]	[3000.0, 2400.0]
A woman is [c] years of age and her daughter is [b] years old . in how many years will the mother be [a] times as old as her daughter ?	[m] - [a] * [m] = [a] * [b] - [c]	[{'SentenceId': 1, 'TokenId': 8, 'Value': 3.0, 'coeff': 'a'}, {'SentenceId': 0, 'TokenId': 11, 'Value': 8.0, 'coeff': 'b'}, {'SentenceId': 0, 'TokenId': 3, 'Value': 42.0, 'coeff': 'c'}]	[9.0]
the sum of two numbers is [a] their difference is [b] . what are the numbers .	[m] + [n] = [a],[m] - [n] = [b]	[{'SentenceId': 0, 'TokenId': 6, 'Value': 80.0, 'coeff': 'a'}, {'SentenceId': 0, 'TokenId': 10, 'Value': 12.0, 'coeff': 'b'}]	[46.0, 34.0]
the difference of [a] a number and [b] is [c] . find the number .	[a] * [m] = [b] + [c]	[{'SentenceId': 0, 'TokenId': 3, 'Value': 2.0, 'coeff': 'a'}, {'SentenceId': 0, 'TokenId': 7, 'Value': 5.0, 'coeff': 'b'}, {'SentenceId': 0, 'TokenId': 9, 'Value': 89.0, 'coeff': 'c'}]	[47.0]
An airplane takes [c] hours to travel a distance of [b] km against the wind . The return trip takes [a] hours with the wind . What is the rate of the plane in still air , and what is the rate of the wind ?	[a] * [m] + [a] * [n] = [b],[c] * [m] - [c] * [n] = [b]	[{'SentenceId': 1, 'TokenId': 4, 'Value': 4.0, 'coeff': 'a'}, {'SentenceId': 0, 'TokenId': 10, 'Value': 3600.0, 'coeff': 'b'}, {'SentenceId': 0, 'TokenId': 3, 'Value': 5.0, 'coeff': 'c'}]	[810.0, 90.0]
An investor invested a total of [d] in two mutual funds . One fund earned a [b] % profit while the other earned a [a] % profit . If the investor 's total profit was [c] , how much was invested in each mutual fund ?	0.01 * [a] * [m] + 0.01 * [b] * [n] = [c],[n] + [m] = [d]	[{'SentenceId': 1, 'TokenId': 12, 'Value': 2.0, 'coeff': 'a'}, {'SentenceId': 1, 'TokenId': 4, 'Value': 9.0, 'coeff': 'b'}, {'SentenceId': 2, 'TokenId': 7, 'Value': 52.0, 'coeff': 'c'}, {'SentenceId': 0, 'TokenId': 6, 'Value': 1900.0, 'coeff': 'd'}]	[1700.0, 200.0]
An old conveyor belt can move one day 's coal output in [a] hrs . A new belt can move one day 's output in [b] hrs . How long would it take them together to move one day 's coal output ?	1 / [a] * [m] + 1 / [b] * [m] = 1	[{'SentenceId': 0, 'TokenId': 12, 'Value': 21.0, 'coeff': 'a'}, {'SentenceId': 1, 'TokenId': 10, 'Value': 15.0, 'coeff': 'b'}]	[8.75]
Cody is [c] as old as Evan and [b] years ago the sum of their age was [a] . Find the age of each boy now .	[m] + [n] = [a] + [b] + [b],[m] - [c] * [n] = 0	[{'SentenceId': 0, 'TokenId': 17, 'Value': 6.0, 'coeff': 'a'}, {'SentenceId': 0, 'TokenId': 8, 'Value': 9.0, 'coeff': 'b'}, {'SentenceId': 0, 'TokenId': 2, 'Value': 2.0, 'coeff': 'c'}]	[8.0, 16.0]
Red Beads cost $ [a] per box , they are mixed with yellow beads that cost $ [b] a box . How many boxes of each color must be used to make [c] boxes of beads costing $ [d] per box ?	[a] * [m] + [b] * [n] = [c] * [d],[m] + [n] = [c]	[{'SentenceId': 0, 'TokenId': 4, 'Value': 1.3, 'coeff': 'a'}, {'SentenceId': 0, 'TokenId': 17, 'Value': 2.0, 'coeff': 'b'}, {'SentenceId': 1, 'TokenId': 11, 'Value': 10.0, 'coeff': 'c'}, {'SentenceId': 1, 'TokenId': 17, 'Value': 1.72, 'coeff': 'd'}]	[4.0, 6.0]
My mothers age is [b] times my age . The sum of our ages is [a] . How old am I ? How old is my mother ?	[m] + [n] = [a],[n] - [b] * [m] = 0	[{'SentenceId': 1, 'TokenId': 6, 'Value': 40.0, 'coeff': 'a'}, {'SentenceId': 0, 'TokenId': 4, 'Value': 3.0, 'coeff': 'b'}]	[10.0, 30.0]
A women 's age is [b] years more than [a] her sons age . The sum of their ages is [c] . How old is the son ?	[m] - [a] * [n] = [b],[m] + [n] = [c]	[{'SentenceId': 0, 'TokenId': 9, 'Value': 2.0, 'coeff': 'a'}, {'SentenceId': 0, 'TokenId': 5, 'Value': 3.0, 'coeff': 'b'}, {'SentenceId': 1, 'TokenId': 6, 'Value': 84.0, 'coeff': 'c'}]	[27.0, 57.0]
THE DIFFERENCE OF TWO NUMBERS IS [b] . THE SECOND NUMBER IS [a] % OF THE FIRST NUMBER . WHAT ARE THE NUMBERS ?	[m] - 0.01 * [a] * [n] = 0,[n] - [m] = [b]	[{'SentenceId': 1, 'TokenId': 4, 'Value': 20.0, 'coeff': 'a'}, {'SentenceId': 0, 'TokenId': 6, 'Value': 88.0, 'coeff': 'b'}]	[110.0, 22.0]
Tyler is [b] year older than [a] times Clay 's age . The sum of their ages is [c] . How old is Tyler ?	[m] - [a] * [n] = [b],[m] + [n] = [c]	[{'SentenceId': 0, 'TokenId': 6, 'Value': 3.0, 'coeff': 'a'}, {'SentenceId': 0, 'TokenId': 2, 'Value': 1.0, 'coeff': 'b'}, {'SentenceId': 1, 'TokenId': 6, 'Value': 21.0, 'coeff': 'c'}]	[5.0, 16.0]
The sum of the digits of a two-digit numeral is [b] . If the digits are reversed , the new number is [a] greater than the original number . Find the original number .	10 * [m] + [n] - 10 * [n] - [m] = -1 * [a],[n] + [m] = [b]	[{'SentenceId': 1, 'TokenId': 10, 'Value': 18.0, 'coeff': 'a'}, {'SentenceId': 0, 'TokenId': 10, 'Value': 8.0, 'coeff': 'b'}]	[5.0, 3.0]
The denominator of a fraction exceeds the numerator by [d] . If the numerator is increased by [c] and the denominator increased by [b] , the resulting fraction is equal to [a] . Find the original fraction .	[m] - [a] * [n] = [a] * [b] - [c],[m] - [n] = [d]	[{'SentenceId': 1, 'TokenId': 20, 'Value': 0.5, 'coeff': 'a'}, {'SentenceId': 1, 'TokenId': 12, 'Value': 5.0, 'coeff': 'b'}, {'SentenceId': 1, 'TokenId': 6, 'Value': 3.0, 'coeff': 'c'}, {'SentenceId': 0, 'TokenId': 9, 'Value': 7.0, 'coeff': 'd'}]	[-8.0, -15.0]
A change machine at an arcade gives change for $ [a] bills and $ [b] bills . If during a particular day , [d] bills were inserted into the machine and the total value was $ [c] , how many $ 1 bills were inserted into the machine ?	[a] * [m] + [b] * [n] = [c],[m] + [n] = [d]	[{'SentenceId': 0, 'TokenId': 10, 'Value': 1.0, 'coeff': 'a'}, {'SentenceId': 0, 'TokenId': 14, 'Value': 5.0, 'coeff': 'b'}, {'SentenceId': 1, 'TokenId': 19, 'Value': 300.0, 'coeff': 'c'}, {'SentenceId': 1, 'TokenId': 6, 'Value': 200.0, 'coeff': 'd'}]	[175.0, 25.0]
Jesse collects stamps . He now has [a] stamps . He has [b] times as many stamps form European countries as he does from Asian countries . How many of his stamps are from European countries ?	[m] + [n] = [a],[n] - [b] * [m] = 0	[{'SentenceId': 1, 'TokenId': 3, 'Value': 444.0, 'coeff': 'a'}, {'SentenceId': 2, 'TokenId': 2, 'Value': 3.0, 'coeff': 'b'}]	[333.0, 111.0]
[a] one number minus [b] times a second is equal to [c] and the sum of these numbers is [d] . Find the numbers .	[a] * [m] - [b] * [n] = [c],[n] + [m] = [d]	[{'SentenceId': 0, 'TokenId': 4, 'Value': 3.0, 'coeff': 'b'}, {'SentenceId': 0, 'TokenId': 0, 'Value': 2.0, 'coeff': 'a'}, {'SentenceId': 0, 'TokenId': 11, 'Value': 2.0, 'coeff': 'c'}, {'SentenceId': 0, 'TokenId': 19, 'Value': 11.0, 'coeff': 'd'}]	[4, 7]
One antifreeze solution is [a] % alcohol . Another antifreeze solution is [b] % alcohol . How many liters of each antifreeze solution should be combined to create [c] liters of antifreeze solution that is [d] % alcohol ?	[a] * [m] + [b] * [n] = [c] * [d],[m] + [n] = [c]	[{'SentenceId': 0, 'TokenId': 4, 'Value': 10.0, 'coeff': 'a'}, {'SentenceId': 1, 'TokenId': 4, 'Value': 18.0, 'coeff': 'b'}, {'SentenceId': 2, 'TokenId': 12, 'Value': 20.0, 'coeff': 'c'}, {'SentenceId': 2, 'TokenId': 19, 'Value': 15.0, 'coeff': 'd'}]	[7.5, 12.5]
the sum of two numbers is [d] . [b] times the first number is [c] less than [a] times the second . what are the two numbers ?	[a] * [m] - [b] * [n] = [c],[n] + [m] = [d]	[{'SentenceId': 1, 'TokenId': 9, 'Value': 5.0, 'coeff': 'a'}, {'SentenceId': 1, 'TokenId': 0, 'Value': 4.0, 'coeff': 'b'}, {'SentenceId': 1, 'TokenId': 6, 'Value': 9.0, 'coeff': 'c'}, {'SentenceId': 0, 'TokenId': 6, 'Value': 45.0, 'coeff': 'd'}]	[24.0, 21.0]
If I have a [c] ml solution that is [a] % acid by volume , how many mL should I remove and replace with pure [b] % acid to obtain a final solution of [d] ml that is 40 % acid by volume ?	[a] * [m] + [b] * [n] = [c] * [d],[m] + [n] = [c]	[{'SentenceId': 0, 'TokenId': 9, 'Value': 20.0, 'coeff': 'a'}, {'SentenceId': 0, 'TokenId': 25, 'Value': 100.0, 'coeff': 'b'}, {'SentenceId': 0, 'TokenId': 4, 'Value': 80.0, 'coeff': 'c'}, {'SentenceId': 0, 'TokenId': 34, 'Value': 80.0, 'coeff': 'd'}]	[20.0, 60.0]
If $ [a] and $ [b] are invested such that $ [c] is earned in one year and if the rate of interest on the larger investment is [d] % more than that of the smaller investment , find the rates of interest .	[a] * [m] + [b] * [n] = [c],[m] - [n] = 0.01 * [d]	[{'SentenceId': 0, 'TokenId': 2, 'Value': 10000.0, 'coeff': 'a'}, {'SentenceId': 0, 'TokenId': 5, 'Value': 4000.0, 'coeff': 'b'}, {'SentenceId': 0, 'TokenId': 11, 'Value': 1250.0, 'coeff': 'c'}, {'SentenceId': 0, 'TokenId': 28, 'Value': 2.0, 'coeff': 'd'}]	[0.095, 0.075]
the sum of the digits of a two-digit number is [b] . When the digits are reversed , the new number is [a] more than the original number . What is the original number ?	10 * [m] + [n] - 10 * [n] - [m] = -1 * [a],[n] + [m] = [b]	[{'SentenceId': 1, 'TokenId': 10, 'Value': 9.0, 'coeff': 'a'}, {'SentenceId': 0, 'TokenId': 10, 'Value': 17.0, 'coeff': 'b'}]	[8.0, 9.0]
A certain number is [b] more than another number . If their sum is [a] , find their numbers .	[m] + [n] = [a],[m] - [n] = [b]	[{'SentenceId': 1, 'TokenId': 4, 'Value': 21.0, 'coeff': 'a'}, {'SentenceId': 0, 'TokenId': 4, 'Value': 3.0, 'coeff': 'b'}]	[9.0, 12.0]
One integer is [b] more than another integer . The sum of the two integers is [a] . Find the smaller integer .	[m] + [n] = [a],[m] - [n] = [b]	[{'SentenceId': 1, 'TokenId': 7, 'Value': 48.0, 'coeff': 'a'}, {'SentenceId': 0, 'TokenId': 3, 'Value': 2.0, 'coeff': 'b'}]	[23.0, 25.0]
a baseball team has home games on wednesday and sunday . The two games together earned $ [a] . Wednesdays game generated $ [b] less than Sunday game . How much was taken at each game ?	[m] + [n] = [a],[m] - [n] = [b]	[{'SentenceId': 1, 'TokenId': 6, 'Value': 4994.5, 'coeff': 'a'}, {'SentenceId': 2, 'TokenId': 4, 'Value': 1330.5, 'coeff': 'b'}]	[1832.0, 3162.5]
The sum of [a] times the first number and [b] times the second number is [c] . The difference of [d] times the first number and [e] the second number is [f] . Find the numbers .	[a] * [m] + [b] * [n] = [c],[d] * [m] - [e] * [n] = [f]	[{'SentenceId': 0, 'TokenId': 3, 'Value': 4.0, 'coeff': 'a'}, {'SentenceId': 0, 'TokenId': 9, 'Value': 3.0, 'coeff': 'b'}, {'SentenceId': 0, 'TokenId': 15, 'Value': 15.0, 'coeff': 'c'}, {'SentenceId': 1, 'TokenId': 3, 'Value': 3.0, 'coeff': 'd'}, {'SentenceId': 1, 'TokenId': 9, 'Value': 2.0, 'coeff': 'e'}, {'SentenceId': 1, 'TokenId': 14, 'Value': 7.0, 'coeff': 'f'}]	[1.0, 3.0]
adam is [d] year younger than eve . in [c] year eve will be [a] times the age of adam was [b] years ago . how old is adam ? how old is eve ?	[m] - [a] * [n] = -1 * [a] * [b] - [c],[m] - [n] = [d]	[{'SentenceId': 1, 'TokenId': 6, 'Value': 3.0, 'coeff': 'a'}, {'SentenceId': 1, 'TokenId': 13, 'Value': 4.0, 'coeff': 'b'}, {'SentenceId': 1, 'TokenId': 1, 'Value': 1.0, 'coeff': 'c'}, {'SentenceId': 0, 'TokenId': 2, 'Value': 5.0, 'coeff': 'd'}]	[9.0, 14.0]
A basket ball player scored [c] points . she made [e] more [b] pointers than [a] pointers and only [d] free throw . How many 2 poniters and how many 1 pointers did she make ?	[a] * [m] + [b] * [n] = [c] - [d],[n] - [m] = [e]	[{'SentenceId': 1, 'TokenId': 7, 'Value': 3.0, 'coeff': 'a'}, {'SentenceId': 1, 'TokenId': 4, 'Value': 2.0, 'coeff': 'b'}, {'SentenceId': 0, 'TokenId': 5, 'Value': 82.0, 'coeff': 'c'}, {'SentenceId': 1, 'TokenId': 11, 'Value': 1.0, 'coeff': 'd'}, {'SentenceId': 1, 'TokenId': 2, 'Value': 33.0, 'coeff': 'e'}]	[3.0, 36.0]
Joe is [d] years older than James . In [c] years , [a] Joe 's age will equal [b] times James 's age . How old is each now ?	[a] * [m] - [b] * [n] = [b] * [c] - [a] * [c],[m] - [n] = [d]	[{'SentenceId': 1, 'TokenId': 4, 'Value': 2.0, 'coeff': 'a'}, {'SentenceId': 1, 'TokenId': 10, 'Value': 3.0, 'coeff': 'b'}, {'SentenceId': 1, 'TokenId': 1, 'Value': 8.0, 'coeff': 'c'}, {'SentenceId': 0, 'TokenId': 2, 'Value': 10.0, 'coeff': 'd'}]	[22.0, 12.0]
Tickets for the homecoming dance cost $ [a] for a single ticket or $ [b] for a [d] . Ticket sales totaled $ [c] , and [e] people attended . How many tickets of each type were sold ?	[a] * [m] + [b] * [n] = [c],[m] + [d] * [n] = [e]	[{'SentenceId': 0, 'TokenId': 7, 'Value': 20.0, 'coeff': 'a'}, {'SentenceId': 0, 'TokenId': 14, 'Value': 35.0, 'coeff': 'b'}, {'SentenceId': 1, 'TokenId': 4, 'Value': 2280.0, 'coeff': 'c'}, {'SentenceId': 0, 'TokenId': 17, 'Value': 2.0, 'coeff': 'd'}, {'SentenceId': 1, 'TokenId': 7, 'Value': 128.0, 'coeff': 'e'}]	[16.0, 56.0]
A car leaves a station , traveling west at [b] mph . A truck leaves the same station [c] hour later , traveling west on the same road at [a] mph . How long does it take for the truck to pass the car ?	[a] * [m] - [b] * [m] = [a] * [c]	[{'SentenceId': 1, 'TokenId': 17, 'Value': 65.0, 'coeff': 'a'}, {'SentenceId': 0, 'TokenId': 9, 'Value': 55.0, 'coeff': 'b'}, {'SentenceId': 1, 'TokenId': 6, 'Value': 1.0, 'coeff': 'c'}]	[6.5]
One number is [c] more than another . If the smaller number is subtracted from [a] of the larger , the result is [b] of the sum of the two numbers . find the numbers .	[a] * [m] - [n] - [b] * [m] - [b] * [n] = 0,[m] - [n] = [c]	[{'SentenceId': 1, 'TokenId': 7, 'Value': 0.66666, 'coeff': 'a'}, {'SentenceId': 1, 'TokenId': 15, 'Value': 0.25, 'coeff': 'b'}, {'SentenceId': 0, 'TokenId': 3, 'Value': 16.0, 'coeff': 'c'}]	[23.9998080015, 7.99980800154]
a pharmacist wishes to mix solution that is [b] % Minoxidil . She has on hand [c] ml of [d] % solution and wishes to add some [a] % solution to obtain the desired 3 % solution . How much 5 % solution should she add ?	[a] * [m] - [b] * [m] = [b] * [c] - [c] * [d]	[{'SentenceId': 1, 'TokenId': 15, 'Value': 5.0, 'coeff': 'a'}, {'SentenceId': 0, 'TokenId': 8, 'Value': 3.0, 'coeff': 'b'}, {'SentenceId': 1, 'TokenId': 4, 'Value': 70.0, 'coeff': 'c'}, {'SentenceId': 1, 'TokenId': 7, 'Value': 2.0, 'coeff': 'd'}]	[35.0]
A plane travels with a tail wind 100 miles to the nearest town in [a] minutes . The plane then travels back 100 miles with a head wind . The travel time is [b] min more than the first trip . What is the speed of the wind , and the speed of the plane ?	[m] + [n] = [a] + [b],[m] - [n] = [a]	[{'SentenceId': 0, 'TokenId': 14, 'Value': 60.0, 'coeff': 'a'}, {'SentenceId': 2, 'TokenId': 4, 'Value': 40.0, 'coeff': 'b'}]	[80.0, 20.0]
[b] years ago Mary was [a] times as old as her Son . [d] years hence her age will be [e] less than [c] times the corresponding age of her Son .	[m] - [a] * [n] = -1 * [a] * [b] + [b],[m] - [c] * [n] = [c] * [d] - [e] - [d]	[{'SentenceId': 0, 'TokenId': 0, 'Value': 5.0, 'coeff': 'b'}, {'SentenceId': 0, 'TokenId': 5, 'Value': 5.0, 'coeff': 'a'}, {'SentenceId': 1, 'TokenId': 0, 'Value': 3.0, 'coeff': 'd'}, {'SentenceId': 1, 'TokenId': 10, 'Value': 3.0, 'coeff': 'c'}, {'SentenceId': 1, 'TokenId': 7, 'Value': 8.0, 'coeff': 'e'}]	[9.0, 25.0]
Soybean meal is [a] % protien . Cornmeal is [b] % protien . How many pound of each should be mixed together in order to get a [c] lb mixture that is [d] % protien ?	[a] * [m] + [b] * [n] = [c] * [d],[m] + [n] = [c]	[{'SentenceId': 0, 'TokenId': 3, 'Value': 14.0, 'coeff': 'a'}, {'SentenceId': 1, 'TokenId': 2, 'Value': 7.0, 'coeff': 'b'}, {'SentenceId': 2, 'TokenId': 14, 'Value': 280.0, 'coeff': 'c'}, {'SentenceId': 2, 'TokenId': 19, 'Value': 13.0, 'coeff': 'd'}]	[240.0, 40.0]
Mr.Klinker is [c] and his daughter is [b] . In how many years will Mr. Klinker be [a] as old as his daughter ?	[m] - [a] * [m] = [a] * [b] - [c]	[{'SentenceId': 1, 'TokenId': 8, 'Value': 2.0, 'coeff': 'a'}, {'SentenceId': 0, 'TokenId': 7, 'Value': 10.0, 'coeff': 'b'}, {'SentenceId': 0, 'TokenId': 2, 'Value': 35.0, 'coeff': 'c'}]	[15.0]
X represents a certain number , when the number is multiplied by [a] the result is as adding [b] to the number . What is the number ?	[a] * [m] - [m] = [b]	[{'SentenceId': 0, 'TokenId': 12, 'Value': 3.0, 'coeff': 'a'}, {'SentenceId': 0, 'TokenId': 18, 'Value': 34.0, 'coeff': 'b'}]	[17.0]
for her workout , Sarah walks north at the rate of [a] mph and returns at the rate of [b] mph . how many miles did she walk if the round trip took [c] hours ?	1 / [a] * [m] + 1 / [b] * [m] = [c]	[{'SentenceId': 0, 'TokenId': 11, 'Value': 3.0, 'coeff': 'a'}, {'SentenceId': 0, 'TokenId': 19, 'Value': 4.0, 'coeff': 'b'}, {'SentenceId': 1, 'TokenId': 11, 'Value': 3.5, 'coeff': 'c'}]	[6.0]
The digits of a certain two-digit number add up to [b] . Form a second number by reversing these digits . When the second number is subtracted from the first , the result is [a] times the sum of the digits . Find the first number .	10 * [m] + [n] - 10 * [n] - [m] - [a] * [n] - [a] * [m] = 0,[n] + [m] = [b]	[{'SentenceId': 2, 'TokenId': 13, 'Value': 3.0, 'coeff': 'a'}, {'SentenceId': 0, 'TokenId': 10, 'Value': 6.0, 'coeff': 'b'}]	[2.0, 4.0]
The sum of two numbers is [c] . The greater number is [a] times the smaller number plus [b] . Find the numbers .	[m] - [a] * [n] = [b],[m] + [n] = [c]	[{'SentenceId': 1, 'TokenId': 4, 'Value': 17.0, 'coeff': 'a'}, {'SentenceId': 1, 'TokenId': 10, 'Value': 1.0, 'coeff': 'b'}, {'SentenceId': 0, 'TokenId': 6, 'Value': 55.0, 'coeff': 'c'}]	[52.0, 3.0]
Paul 's Plumbing charges $ [d] to visit a job site plus $ [a] per hour for labor . Reliable Plumbing charges $ [c] to visit a job site plus $ [b] per hour for labor . For how many hours of labor would the total charge be the same for the two companies ?	[a] * [m] - [b] * [m] = [c] - [d]	[{'SentenceId': 0, 'TokenId': 13, 'Value': 35.0, 'coeff': 'a'}, {'SentenceId': 1, 'TokenId': 12, 'Value': 30.0, 'coeff': 'b'}, {'SentenceId': 1, 'TokenId': 4, 'Value': 75.0, 'coeff': 'c'}, {'SentenceId': 0, 'TokenId': 5, 'Value': 55.0, 'coeff': 'd'}]	[4.0]
The sum of two numbers is [c] . The larger number is [b] more than [a] times the smaller number . Find the numbers .	[m] - [a] * [n] = [b],[m] + [n] = [c]	[{'SentenceId': 1, 'TokenId': 7, 'Value': 5.0, 'coeff': 'a'}, {'SentenceId': 1, 'TokenId': 4, 'Value': 1.0, 'coeff': 'b'}, {'SentenceId': 0, 'TokenId': 6, 'Value': 103.0, 'coeff': 'c'}]	[17.0, 86.0]
[b] less than [a] times a number is [c] . What is the number ?	[a] * [m] = [b] + [c]	[{'SentenceId': 0, 'TokenId': 3, 'Value': 4.0, 'coeff': 'a'}, {'SentenceId': 0, 'TokenId': 0, 'Value': 3.0, 'coeff': 'b'}, {'SentenceId': 0, 'TokenId': 8, 'Value': 325.0, 'coeff': 'c'}]	[82.0]
In the year 2000 Donald was [c] and his father was [b] . In which year was Donald 's father [a] times as old as Donald ?	-1 * [a] * [m] + [m] = [b] - [a] * [c]	[{'SentenceId': 1, 'TokenId': 7, 'Value': 8.0, 'coeff': 'a'}, {'SentenceId': 0, 'TokenId': 11, 'Value': 40.0, 'coeff': 'b'}, {'SentenceId': 0, 'TokenId': 6, 'Value': 12.0, 'coeff': 'c'}]	[8.0]
If you multiply an unknown number by [a] and then add [d] , the result is [e] less than the unknown number plus [c] multiplied by [b] . Find the unknown number .	[a] * [m] - [b] * [m] = [b] * [c] - [d] - [e]	[{'SentenceId': 0, 'TokenId': 11, 'Value': 5.0, 'coeff': 'd'}, {'SentenceId': 0, 'TokenId': 26, 'Value': 3.0, 'coeff': 'b'}, {'SentenceId': 0, 'TokenId': 23, 'Value': 1.0, 'coeff': 'c'}, {'SentenceId': 0, 'TokenId': 7, 'Value': 6.0, 'coeff': 'a'}, {'SentenceId': 0, 'TokenId': 16, 'Value': 7.0, 'coeff': 'e'}]	[-3.0]
A larger number is [b] less than [a] times the smaller number . If the sum of these numbers is [c] , find the larger number .	[a] * [m] - [n] = [b],[m] + [n] = [c]	[{'SentenceId': 0, 'TokenId': 7, 'Value': 5.0, 'coeff': 'a'}, {'SentenceId': 0, 'TokenId': 4, 'Value': 2.0, 'coeff': 'b'}, {'SentenceId': 1, 'TokenId': 7, 'Value': 94.0, 'coeff': 'c'}]	[16.0, 78.0]
the sum of two numbers is [a] . one number is [b] more than the other find the numbers .	[m] + [n] = [a],[n] - [b] * [m] = 0	[{'SentenceId': 0, 'TokenId': 6, 'Value': 36.0, 'coeff': 'a'}, {'SentenceId': 1, 'TokenId': 3, 'Value': 2.0, 'coeff': 'b'}]	[12.0, 24.0]
A truck traveling [b] mph and a train traveling [a] mph cover the same distance . The trucks travels [c] hours longer than the train . How many does each travel ?	[a] * [m] - [b] * [m] = [b] * [c],[n] - [a] * [m] = 0	[{'SentenceId': 0, 'TokenId': 9, 'Value': 60.0, 'coeff': 'a'}, {'SentenceId': 0, 'TokenId': 3, 'Value': 45.0, 'coeff': 'b'}, {'SentenceId': 1, 'TokenId': 3, 'Value': 2.0, 'coeff': 'c'}]	[360.0, 6.0]
two baseball players hit [c] home runs combined last season . the first player hit [b] more home runs than [a] the number of home runs hit by the second player . how many home runs did each player hit ?	[m] - [a] * [n] = [b],[m] + [n] = [c]	[{'SentenceId': 1, 'TokenId': 9, 'Value': 2.0, 'coeff': 'a'}, {'SentenceId': 1, 'TokenId': 4, 'Value': 7.0, 'coeff': 'b'}, {'SentenceId': 0, 'TokenId': 4, 'Value': 79.0, 'coeff': 'c'}]	[24.0, 55.0]
The sum of the digits of a two-digit number is [b] . If [a] is subtracted from the number , the resulting number is the original number with its digits interchanged . Find the original number .	10 * [m] + [n] - 10 * [n] - [m] = -1 * [a],[n] + [m] = [b]	[{'SentenceId': 1, 'TokenId': 1, 'Value': 36.0, 'coeff': 'a'}, {'SentenceId': 0, 'TokenId': 10, 'Value': 14.0, 'coeff': 'b'}]	[9.0, 5.0]
Sally bought [a] choclate bars and [b] pack of gum and paid $ [c] . Jake bought [d] choclate bars and [e] packs of gum and paid $ [f] Find the cost of a choclate bar and the cost of the gum .	[a] * [m] + [b] * [n] = [c],[d] * [m] + [e] * [n] = [f]	[{'SentenceId': 0, 'TokenId': 2, 'Value': 3.0, 'coeff': 'a'}, {'SentenceId': 0, 'TokenId': 6, 'Value': 1.0, 'coeff': 'b'}, {'SentenceId': 0, 'TokenId': 13, 'Value': 1.75, 'coeff': 'c'}, {'SentenceId': 1, 'TokenId': 2, 'Value': 2.0, 'coeff': 'd'}, {'SentenceId': 1, 'TokenId': 6, 'Value': 4.0, 'coeff': 'e'}, {'SentenceId': 1, 'TokenId': 13, 'Value': 2.0, 'coeff': 'f'}]	[0.5, 0.25]
one number is [b] more than [a] another and their sum is [c] . what are their number ?	[m] - [a] * [n] = [b],[m] + [n] = [c]	[{'SentenceId': 0, 'TokenId': 6, 'Value': 2.0, 'coeff': 'a'}, {'SentenceId': 0, 'TokenId': 3, 'Value': 8.0, 'coeff': 'b'}, {'SentenceId': 0, 'TokenId': 12, 'Value': 20.0, 'coeff': 'c'}]	[16.0, 4.0]
Two numbers have a sum of [a] . Their difference is [b] . what are the two numbers ?	[m] + [n] = [a],[m] - [n] = [b]	[{'SentenceId': 0, 'TokenId': 6, 'Value': 22.0, 'coeff': 'a'}, {'SentenceId': 1, 'TokenId': 3, 'Value': 4.0, 'coeff': 'b'}]	[9.0, 13.0]
the sum of two numbers is [c] . [a] times the smaller is [b] more than the larger . find the larger number .	[a] * [m] - [n] = [b],[m] + [n] = [c]	[{'SentenceId': 1, 'TokenId': 0, 'Value': 3.0, 'coeff': 'a'}, {'SentenceId': 1, 'TokenId': 5, 'Value': 10.0, 'coeff': 'b'}, {'SentenceId': 0, 'TokenId': 6, 'Value': 90.0, 'coeff': 'c'}]	[65.0, 25.0]
The sum of two numbers is [b] less than [a] the first number . Their difference is [d] less than [c] times the second number .	[m] + [n] - [a] * [m] = -1 * [b],[m] - [n] - [c] * [n] = -1 * [d]	[{'SentenceId': 0, 'TokenId': 9, 'Value': 2.0, 'coeff': 'a'}, {'SentenceId': 0, 'TokenId': 6, 'Value': 6.0, 'coeff': 'b'}, {'SentenceId': 1, 'TokenId': 6, 'Value': 4.0, 'coeff': 'c'}, {'SentenceId': 1, 'TokenId': 3, 'Value': 10.0, 'coeff': 'd'}]	[10.0, 4.0]
The larger of two numbers is [d] more than [c] the smaller . The sum of the numbers is [b] less than [a] times the larger . Find the numbers .	[m] + [n] - [a] * [m] = -1 * [b],[m] - [c] * [n] = [d]	[{'SentenceId': 1, 'TokenId': 9, 'Value': 3.0, 'coeff': 'a'}, {'SentenceId': 1, 'TokenId': 6, 'Value': 10.0, 'coeff': 'b'}, {'SentenceId': 0, 'TokenId': 9, 'Value': 2.0, 'coeff': 'c'}, {'SentenceId': 0, 'TokenId': 6, 'Value': 8.0, 'coeff': 'd'}]	[4.0, -2.0]
Dorothy is [c] times as old as her sister . In [b] years she will be [a] as old as her sister . How old are Dorothy and her sister now ?	[m] - [a] * [n] = [a] * [b] - [b],[m] - [c] * [n] = 0	[{'SentenceId': 1, 'TokenId': 6, 'Value': 2.0, 'coeff': 'a'}, {'SentenceId': 1, 'TokenId': 1, 'Value': 5.0, 'coeff': 'b'}, {'SentenceId': 0, 'TokenId': 2, 'Value': 3.0, 'coeff': 'c'}]	[5.0, 15.0]
Two planes left an airport at noon . One flew east at a certain speed and the other flew west at [c] the speed . The planes were [b] mi apart in [a] h. How fast was each plane flying ?	[a] * [m] + [a] * [n] = [b],[m] - [c] * [n] = 0	[{'SentenceId': 2, 'TokenId': 7, 'Value': 3.0, 'coeff': 'a'}, {'SentenceId': 2, 'TokenId': 3, 'Value': 2700.0, 'coeff': 'b'}, {'SentenceId': 1, 'TokenId': 13, 'Value': 2.0, 'coeff': 'c'}]	[300.0, 600.0]
One number is [b] as large as a second number . If the sum of the two numbers is [a] , what are the two numbers ?	[m] + [n] = [a],[n] - [b] * [m] = 0	[{'SentenceId': 1, 'TokenId': 8, 'Value': 114.0, 'coeff': 'a'}, {'SentenceId': 0, 'TokenId': 3, 'Value': 2.0, 'coeff': 'b'}]	[76.0, 38.0]
A train traveling [a] km/h takes [c] hours longer than the ship traveling [b] km/h to reach a given distance . What is the distance ?	1 / [a] * [m] - 1 / [b] * [m] = [c]	[{'SentenceId': 0, 'TokenId': 3, 'Value': 48.0, 'coeff': 'a'}, {'SentenceId': 0, 'TokenId': 13, 'Value': 60.0, 'coeff': 'b'}, {'SentenceId': 0, 'TokenId': 6, 'Value': 2.0, 'coeff': 'c'}]	[480.0]
juans age is [b] years more than [a] Margos age . The sum of their ages is [c] years . Find their ages .	[m] - [a] * [n] = [b],[m] + [n] = [c]	[{'SentenceId': 0, 'TokenId': 7, 'Value': 2.0, 'coeff': 'a'}, {'SentenceId': 0, 'TokenId': 3, 'Value': 5.0, 'coeff': 'b'}, {'SentenceId': 1, 'TokenId': 6, 'Value': 29.0, 'coeff': 'c'}]	[8.0, 21.0]
mary is [b] times as old as her sister jessie . if the sum of their ages is [a] how old are both sisters .	[m] + [n] = [a],[n] - [b] * [m] = 0	[{'SentenceId': 1, 'TokenId': 7, 'Value': 18.0, 'coeff': 'a'}, {'SentenceId': 0, 'TokenId': 2, 'Value': 2.0, 'coeff': 'b'}]	[6.0, 12.0]
one pipe fills a tank in [a] minutes , another pipe can fill it in [b] minutes . find the time taken to fill the tank when both pipes are running together ?	1 / [a] * [m] + 1 / [b] * [m] = 1	[{'SentenceId': 0, 'TokenId': 6, 'Value': 8.0, 'coeff': 'a'}, {'SentenceId': 0, 'TokenId': 15, 'Value': 12.0, 'coeff': 'b'}]	[4.8]
Tom is [b] as the age of Antonette . if the sum of there age is [a] . what are their ages ?	[m] + [n] = [a],[n] - [b] * [m] = 0	[{'SentenceId': 1, 'TokenId': 7, 'Value': 54.0, 'coeff': 'a'}, {'SentenceId': 0, 'TokenId': 2, 'Value': 3.0, 'coeff': 'b'}]	[40.5, 13.5]
The sum of 2 numbers is [a] . The numbers are [b] apart . What are they ?	[m] + [n] = [a],[m] - [n] = [b]	[{'SentenceId': 0, 'TokenId': 6, 'Value': 61.0, 'coeff': 'a'}, {'SentenceId': 1, 'TokenId': 3, 'Value': 5.0, 'coeff': 'b'}]	[33.0, 28.0]
find how many quarts of [a] % butterfat milk and [b] % butterfat milk should be mixed to yield [c] quarts of [d] % butter milk ?	[a] * [m] + [b] * [n] = [c] * [d],[m] + [n] = [c]	[{'SentenceId': 0, 'TokenId': 5, 'Value': 6.0, 'coeff': 'a'}, {'SentenceId': 0, 'TokenId': 10, 'Value': 3.0, 'coeff': 'b'}, {'SentenceId': 0, 'TokenId': 19, 'Value': 75.0, 'coeff': 'c'}, {'SentenceId': 0, 'TokenId': 22, 'Value': 5.0, 'coeff': 'd'}]	[50.0, 25.0]
The ages of A and B are in the ratio [e] to [d] . After [c] years , their will be in the ratio [b] to [a] . Then the present age of A is ?	[a] * [m] - [b] * [n] = [b] * [c] - [a] * [c],[d] * [m] - [e] * [n] = 0	[{'SentenceId': 0, 'TokenId': 10, 'Value': 5.0, 'coeff': 'e'}, {'SentenceId': 1, 'TokenId': 10, 'Value': 7.0, 'coeff': 'b'}, {'SentenceId': 1, 'TokenId': 1, 'Value': 6.0, 'coeff': 'c'}, {'SentenceId': 0, 'TokenId': 12, 'Value': 3.0, 'coeff': 'd'}, {'SentenceId': 1, 'TokenId': 12, 'Value': 5.0, 'coeff': 'a'}]	[15.0, 9.0]
The sum of two numbers is [e] . The total of [b] times the smaller number and [d] amounts to [c] less than the product of [a] and the larger number . Find the two numbers .	[a] * [m] - [b] * [n] = [c] + [d],[n] + [m] = [e]	[{'SentenceId': 1, 'TokenId': 3, 'Value': 3.0, 'coeff': 'b'}, {'SentenceId': 1, 'TokenId': 9, 'Value': 6.0, 'coeff': 'd'}, {'SentenceId': 1, 'TokenId': 12, 'Value': 7.0, 'coeff': 'c'}, {'SentenceId': 1, 'TokenId': 18, 'Value': 4.0, 'coeff': 'a'}, {'SentenceId': 0, 'TokenId': 6, 'Value': 12.0, 'coeff': 'e'}]	[5.0, 7.0]
The larger of two numbers is [b] less than [a] times the smaller . if their sum is [c] .	[a] * [m] - [n] = [b],[m] + [n] = [c]	[{'SentenceId': 0, 'TokenId': 9, 'Value': 3.0, 'coeff': 'a'}, {'SentenceId': 0, 'TokenId': 6, 'Value': 1.0, 'coeff': 'b'}, {'SentenceId': 1, 'TokenId': 4, 'Value': 63.0, 'coeff': 'c'}]	[47.0, 16.0]
A water tank is currently [b] % full . If [c] more gallons are added the tank will be [a] % full . Find the capacity of the tank .	0.01 * [a] * [m] - 0.01 * [b] * [m] = [c]	[{'SentenceId': 1, 'TokenId': 10, 'Value': 50.0, 'coeff': 'a'}, {'SentenceId': 0, 'TokenId': 5, 'Value': 33.3, 'coeff': 'b'}, {'SentenceId': 1, 'TokenId': 1, 'Value': 3.0, 'coeff': 'c'}]	[17.9640718563]
2 planes travel [b] miles towards each other they pass each other half way after [a] hours . One plane is going [c] mile faster than the other . How fast are both of them going ?? .	[a] * [m] + [a] * [n] = [b],[m] - [n] = [c]	[{'SentenceId': 0, 'TokenId': 15, 'Value': 2.0, 'coeff': 'a'}, {'SentenceId': 0, 'TokenId': 3, 'Value': 880.0, 'coeff': 'b'}, {'SentenceId': 1, 'TokenId': 4, 'Value': 126.0, 'coeff': 'c'}]	[283.0, 157.0]
A cylinder contains [c] liters of a [a] % chemical solution . How much of this solution should be drained off and replaced with a [b] % solution to obtain a final strength of [d] % ?	0.01 * [a] * [m] - 0.01 * [b] * [m] = 0.01 * [a] * [c] - 0.01 * [d] * [c]	[{'SentenceId': 0, 'TokenId': 7, 'Value': 60.0, 'coeff': 'a'}, {'SentenceId': 1, 'TokenId': 13, 'Value': 40.0, 'coeff': 'b'}, {'SentenceId': 0, 'TokenId': 3, 'Value': 50.0, 'coeff': 'c'}, {'SentenceId': 1, 'TokenId': 22, 'Value': 46.0, 'coeff': 'd'}]	[35.0]
Train A is leaving Austin to Houston at [a] miles per hour . Train B leaves to Austin at [b] miles per hour . How long before they pass each other on the [c] mile trip ?	[a] * [m] + [b] * [m] = [c]	[{'SentenceId': 0, 'TokenId': 8, 'Value': 82.1, 'coeff': 'a'}, {'SentenceId': 1, 'TokenId': 6, 'Value': 109.071, 'coeff': 'b'}, {'SentenceId': 2, 'TokenId': 9, 'Value': 240.0, 'coeff': 'c'}]	[1.25542053973]
Two cars leave a gas station travling in opposite directions . One car travels at [a] mph and the other at [b] mph . In how many hours will they be [c] miles apart ?	[a] * [m] + [b] * [m] = [c]	[{'SentenceId': 1, 'TokenId': 4, 'Value': 60.0, 'coeff': 'a'}, {'SentenceId': 1, 'TokenId': 10, 'Value': 64.0, 'coeff': 'b'}, {'SentenceId': 2, 'TokenId': 7, 'Value': 310.0, 'coeff': 'c'}]	[2.5]
Ann is [b] years older than her sister Susan . The sum of their ages is [a] . How old is each girl ?	[m] + [n] = [a],[m] - [n] = [b]	[{'SentenceId': 1, 'TokenId': 6, 'Value': 27.0, 'coeff': 'a'}, {'SentenceId': 0, 'TokenId': 2, 'Value': 5.0, 'coeff': 'b'}]	[11.0, 16.0]
A truck traveling at a constant rate of [b] mph leaves Tampa . One hour later a car traveling at a constant rate of [a] mph also leaves Tampa traveling in the same direction on the same highway . How long will it take for the car to catch up to the truck if both vehicles continue in the same direction on the highway ?	[a] * [m] - [b] * [m] = [a]	[{'SentenceId': 1, 'TokenId': 11, 'Value': 60.0, 'coeff': 'a'}, {'SentenceId': 0, 'TokenId': 8, 'Value': 45.0, 'coeff': 'b'}]	[4.0]
Bill and Chris left the student union at the same time on bicycles . Bill traveled east , and Chris traveled west . After [a] hour , they were [b] miles apart . If Bill was going [c] miles per hour faster than Chris , how fast was each of the bicycles going ?	[a] * [m] + [a] * [n] = [b],[n] - [m] = [c]	[{'SentenceId': 2, 'TokenId': 1, 'Value': 0.5, 'coeff': 'a'}, {'SentenceId': 2, 'TokenId': 6, 'Value': 14.0, 'coeff': 'b'}, {'SentenceId': 3, 'TokenId': 4, 'Value': 2.0, 'coeff': 'c'}]	[13.0, 15.0]
[a] OF A DENTIST 'S AGE [c] YEARS AGO EQUALS [b] OF HIS AGE [d] YEARS HENCE . WHAT IS HIS AGE NOW ?	[a] * [m] - [b] * [m] = [b] * [c] + [a] * [d]	[{'SentenceId': 0, 'TokenId': 0, 'Value': 0.1666666716337204, 'coeff': 'a'}, {'SentenceId': 0, 'TokenId': 10, 'Value': 0.10000000149011612, 'coeff': 'b'}, {'SentenceId': 0, 'TokenId': 6, 'Value': 8.0, 'coeff': 'c'}, {'SentenceId': 0, 'TokenId': 14, 'Value': 8.0, 'coeff': 'd'}]	[32.0]
Two trains leave Kansas City at the same time . One train travels east and the other one travels west . The speed of the westbound tain is [c] mph greater then the speed of the eastbound train . After [a] hours , they are [b] miles apart . Find the rate of each train . Assume the trains travel in a straight line in opposite directions .	[a] * [m] + [a] * [n] = [b],[n] - [m] = [c]	[{'SentenceId': 3, 'TokenId': 1, 'Value': 6.0, 'coeff': 'a'}, {'SentenceId': 3, 'TokenId': 6, 'Value': 510.0, 'coeff': 'b'}, {'SentenceId': 2, 'TokenId': 7, 'Value': 5.0, 'coeff': 'c'}]	[45.0, 40.0]
Two steamers leave a port on a river at the same time , traveling opposite directions . Each is traveling [a] mph . How long will it take for them to be [b] mi apart ?	[a] * [m] + [a] * [m] = [b]	[{'SentenceId': 1, 'TokenId': 3, 'Value': 22.0, 'coeff': 'a'}, {'SentenceId': 2, 'TokenId': 9, 'Value': 110.0, 'coeff': 'b'}]	[2.5]
in a bag of [b] and [a] , there are [d] times as many nickels as dimes . the total value of coins is $ [c] , find the number of dimes in the bag ?	[a] * [m] + [b] * [n] = [c],[d] * [m] - [n] = 0	[{'SentenceId': 0, 'TokenId': 6, 'Value': 0.10000000149011612, 'coeff': 'a'}, {'SentenceId': 0, 'TokenId': 4, 'Value': 0.05000000074505806, 'coeff': 'b'}, {'SentenceId': 1, 'TokenId': 7, 'Value': 1.5, 'coeff': 'c'}, {'SentenceId': 0, 'TokenId': 10, 'Value': 3.0, 'coeff': 'd'}]	[6.0, 18.0]
ted runs [c] as fast as frank . in [a] hours frank runs [b] miles farther then ted . how fast does each run ?	[a] * [m] - [a] * [n] = [b],[n] - [c] * [m] = 0	[{'SentenceId': 1, 'TokenId': 1, 'Value': 2.0, 'coeff': 'a'}, {'SentenceId': 1, 'TokenId': 5, 'Value': 8.0, 'coeff': 'b'}, {'SentenceId': 0, 'TokenId': 2, 'Value': 0.6666666865348816, 'coeff': 'c'}]	[11.9999976, 7.9999976]
one number is [d] more than another . the smaller number decreased by [a] times the larger number is the same as [c] less than [b] times the larger number . What is the larger number .	[m] - [a] * [n] - [b] * [n] = -1 * [c],[n] - [m] = [d]	[{'SentenceId': 1, 'TokenId': 5, 'Value': 4.0, 'coeff': 'a'}, {'SentenceId': 1, 'TokenId': 17, 'Value': 6.0, 'coeff': 'b'}, {'SentenceId': 1, 'TokenId': 14, 'Value': 12.0, 'coeff': 'c'}, {'SentenceId': 0, 'TokenId': 3, 'Value': 3.0, 'coeff': 'd'}]	[1.0, -2.0]
sue is now [c] times old as louise . in [b] years sue will be [a] time as old as louise . find the present age of each one .	[m] - [a] * [n] = [a] * [b] - [b],[m] - [c] * [n] = 0	[{'SentenceId': 1, 'TokenId': 6, 'Value': 5.0, 'coeff': 'a'}, {'SentenceId': 1, 'TokenId': 1, 'Value': 6.0, 'coeff': 'b'}, {'SentenceId': 0, 'TokenId': 3, 'Value': 7.0, 'coeff': 'c'}]	[12.0, 84.0]
The tens digit of a given two-digit positive number is [c] more than [b] times the units digit . If the digits are reversed , the new number is [a] less than half the given number . Find the given integer .	10 * [m] + [n] - 10 * [n] - [m] = [a],[m] - [b] * [n] = [c]	[{'SentenceId': 1, 'TokenId': 10, 'Value': 13.0, 'coeff': 'a'}, {'SentenceId': 0, 'TokenId': 13, 'Value': 3.0, 'coeff': 'b'}, {'SentenceId': 0, 'TokenId': 10, 'Value': 2.0, 'coeff': 'c'}]	[1.16666666667, -0.277777777778]
one number is [b] more than [a] times another number , the sum of two numbers is [c] . find the bigger number .	[m] - [a] * [n] = [b],[m] + [n] = [c]	[{'SentenceId': 0, 'TokenId': 6, 'Value': 3.0, 'coeff': 'a'}, {'SentenceId': 0, 'TokenId': 3, 'Value': 5.0, 'coeff': 'b'}, {'SentenceId': 0, 'TokenId': 17, 'Value': 157.0, 'coeff': 'c'}]	[119.0, 38.0]
One number is [d] less than a second number . [a] the first is [c] more than [b] times the second . what are the numbers ?	[a] * [m] - [b] * [n] = [c],[n] - [m] = [d]	[{'SentenceId': 0, 'TokenId': 3, 'Value': 2.0, 'coeff': 'd'}, {'SentenceId': 1, 'TokenId': 7, 'Value': 3.0, 'coeff': 'b'}, {'SentenceId': 1, 'TokenId': 4, 'Value': 4.0, 'coeff': 'c'}, {'SentenceId': 1, 'TokenId': 0, 'Value': 2.0, 'coeff': 'a'}]	[-10.0, -8.0]
Ben can paint a fence in [a] hours and Billy takes [b] hours . How long will it take them to painting together .	1 / [a] * [m] + 1 / [b] * [m] = 1	[{'SentenceId': 0, 'TokenId': 6, 'Value': 3.0, 'coeff': 'a'}, {'SentenceId': 0, 'TokenId': 11, 'Value': 4.0, 'coeff': 'b'}]	[1.71428571429]
The Nutty Professor sells cashews for $ [a] per pound and Brazil nuts for $ [b] per pound . How much of each type should be used to make a [c] mixture that sells for $ [d] per pound ?	[a] * [m] + [b] * [n] = [c] * [d],[m] + [n] = [c]	[{'SentenceId': 0, 'TokenId': 7, 'Value': 6.75, 'coeff': 'a'}, {'SentenceId': 0, 'TokenId': 15, 'Value': 5.0, 'coeff': 'b'}, {'SentenceId': 1, 'TokenId': 11, 'Value': 50.0, 'coeff': 'c'}, {'SentenceId': 1, 'TokenId': 17, 'Value': 5.7, 'coeff': 'd'}]	[20.0, 30.0]
The sum of [c] times first number and the second number is [d] . [a] times the first number is [b] less than the second number . What are the numbers ?	[m] - [a] * [n] = [b],[c] * [n] + [m] = [d]	[{'SentenceId': 1, 'TokenId': 0, 'Value': 2.0, 'coeff': 'a'}, {'SentenceId': 1, 'TokenId': 6, 'Value': 1.0, 'coeff': 'b'}, {'SentenceId': 0, 'TokenId': 3, 'Value': 3.0, 'coeff': 'c'}, {'SentenceId': 0, 'TokenId': 12, 'Value': 86.0, 'coeff': 'd'}]	[17.0, 35.0]
Lisa will make punch that is [a] % fruit juice by adding pure fruit juice to a [b] mixture that is [c] % pure fruit juice . How many liters of pure fruit juice does she need to add ?	[m] - 0.01 * [a] * [m] = 0.01 * [a] * [b] - 0.01 * [c] * [b]	[{'SentenceId': 0, 'TokenId': 6, 'Value': 25.0, 'coeff': 'a'}, {'SentenceId': 0, 'TokenId': 17, 'Value': 2.0, 'coeff': 'b'}, {'SentenceId': 0, 'TokenId': 21, 'Value': 10.0, 'coeff': 'c'}]	[0.4]
Marco is [b] year older than [a] as old as Marie . How old is Marie if the sum of their ages is [c] ?	[m] - [a] * [n] = [b],[m] + [n] = [c]	[{'SentenceId': 0, 'TokenId': 6, 'Value': 2.0, 'coeff': 'a'}, {'SentenceId': 0, 'TokenId': 2, 'Value': 1.0, 'coeff': 'b'}, {'SentenceId': 1, 'TokenId': 11, 'Value': 37.0, 'coeff': 'c'}]	[12.0, 25.0]
One number is [d] more than another number . If the smaller number is [b] and added to [a] times the larger number , the sum is [c] . Find the two numbers .	[a] * [m] + [b] * [n] = [c],[m] - [n] = [d]	[{'SentenceId': 1, 'TokenId': 9, 'Value': 3.0, 'coeff': 'a'}, {'SentenceId': 1, 'TokenId': 5, 'Value': 2.0, 'coeff': 'b'}, {'SentenceId': 1, 'TokenId': 18, 'Value': 80.0, 'coeff': 'c'}, {'SentenceId': 0, 'TokenId': 3, 'Value': 5.0, 'coeff': 'd'}]	[18.0, 13.0]
Raj is [c] years old and his uncle is [b] years . How many years ago was raj 's uncle [a] times as old as raj .	-1 * [a] * [m] + [m] = [b] - [a] * [c]	[{'SentenceId': 1, 'TokenId': 8, 'Value': 7.0, 'coeff': 'a'}, {'SentenceId': 0, 'TokenId': 9, 'Value': 59.0, 'coeff': 'b'}, {'SentenceId': 0, 'TokenId': 2, 'Value': 11.0, 'coeff': 'c'}]	[3.0]
[b] years ago , Sam was [a] times as old as Sue . [d] years from now Sam will be [c] as old as Sue will be . Find the present age of each .	[m] - [a] * [n] = -1 * [a] * [b] + [b],[m] - [c] * [n] = [c] * [d] - [d]	[{'SentenceId': 0, 'TokenId': 6, 'Value': 3.0, 'coeff': 'a'}, {'SentenceId': 0, 'TokenId': 0, 'Value': 6.0, 'coeff': 'b'}, {'SentenceId': 1, 'TokenId': 7, 'Value': 2.0, 'coeff': 'c'}, {'SentenceId': 1, 'TokenId': 0, 'Value': 4.0, 'coeff': 'd'}]	[36.0, 16.0]
One number is [c] more than another . If the sum of the smaller number and [a] times the larger number is [b] , find the two numbers .	[m] + [a] * [n] = [b],[n] - [m] = [c]	[{'SentenceId': 1, 'TokenId': 8, 'Value': 3.0, 'coeff': 'a'}, {'SentenceId': 1, 'TokenId': 14, 'Value': 34.0, 'coeff': 'b'}, {'SentenceId': 0, 'TokenId': 3, 'Value': 6.0, 'coeff': 'c'}]	[4.0, 10.0]
hi please help me with this problem : The sum of two numers is [c] . If one number is [b] less than [a] times the other , find the numbers .	[a] * [m] - [n] = [b],[m] + [n] = [c]	[{'SentenceId': 1, 'TokenId': 7, 'Value': 3.0, 'coeff': 'a'}, {'SentenceId': 1, 'TokenId': 4, 'Value': 1.0, 'coeff': 'b'}, {'SentenceId': 0, 'TokenId': 14, 'Value': -17.0, 'coeff': 'c'}]	[-4.0, -13.0]
The sum of the ages of dorothy and dorilyn is [c] . In [b] years , dorothy will be [a] as old as dorilyn . Find thier ages 3 years ago .	[m] - [a] * [n] = [a] * [b] - [b],[n] + [m] = [c]	[{'SentenceId': 1, 'TokenId': 7, 'Value': 2.0, 'coeff': 'a'}, {'SentenceId': 1, 'TokenId': 1, 'Value': 5.0, 'coeff': 'b'}, {'SentenceId': 0, 'TokenId': 10, 'Value': 41.0, 'coeff': 'c'}]	[29.0, 12.0]
Sally bought a bike at [a] % less than the original price . Original price was $ [b] more than the price . What is the original price ?	0.01 * [a] * [m] = [b]	[{'SentenceId': 0, 'TokenId': 5, 'Value': 25.0, 'coeff': 'a'}, {'SentenceId': 1, 'TokenId': 4, 'Value': 40.0, 'coeff': 'b'}]	[160.0]
a number is [b] less than [a] times another number . if their sum is equal to [c] , then the greater number is ?	[a] * [m] - [n] = [b],[m] + [n] = [c]	[{'SentenceId': 0, 'TokenId': 6, 'Value': 4.0, 'coeff': 'a'}, {'SentenceId': 0, 'TokenId': 3, 'Value': 3.0, 'coeff': 'b'}, {'SentenceId': 1, 'TokenId': 6, 'Value': 117.0, 'coeff': 'c'}]	[93.0, 24.0]
Michael sold a total of [d] tickets at a fair . The money recived was $ [c] . Each adult ticket was $ [a] and each child ticket was $ [b] . How many adult tickets did he sell .	[a] * [m] + [b] * [n] = [c],[m] + [n] = [d]	[{'SentenceId': 2, 'TokenId': 5, 'Value': 5.0, 'coeff': 'a'}, {'SentenceId': 2, 'TokenId': 12, 'Value': 2.0, 'coeff': 'b'}, {'SentenceId': 1, 'TokenId': 5, 'Value': 1255.0, 'coeff': 'c'}, {'SentenceId': 0, 'TokenId': 5, 'Value': 320.0, 'coeff': 'd'}]	[115.0, 205.0]
Mr. Granger is [e] years more than [d] as old as his son . However , [b] year he was [c] years less than [a] times as old as his son . How old are Mr. Granger and his son ?	[m] - [a] * [n] = -1 * [b] * [a] + [b] - [c],[m] - [d] * [n] = [e]	[{'SentenceId': 1, 'TokenId': 10, 'Value': 3.0, 'coeff': 'a'}, {'SentenceId': 1, 'TokenId': 2, 'Value': 1.0, 'coeff': 'b'}, {'SentenceId': 1, 'TokenId': 6, 'Value': 4.0, 'coeff': 'c'}, {'SentenceId': 0, 'TokenId': 7, 'Value': 2.0, 'coeff': 'd'}, {'SentenceId': 0, 'TokenId': 3, 'Value': 10.0, 'coeff': 'e'}]	[42.0, 16.0]
The first of two numbers is [d] more than the second . [a] times the first number is equal to [c] more than [b] times the second . What are the missing numbers ?	[a] * [m] - [b] * [n] = [c],[m] - [n] = [d]	[{'SentenceId': 1, 'TokenId': 0, 'Value': 3.0, 'coeff': 'a'}, {'SentenceId': 1, 'TokenId': 11, 'Value': 5.0, 'coeff': 'b'}, {'SentenceId': 1, 'TokenId': 8, 'Value': 7.0, 'coeff': 'c'}, {'SentenceId': 0, 'TokenId': 6, 'Value': 9.0, 'coeff': 'd'}]	[19.0, 10.0]
The denominator of a fraction exceeds [c] the numerator by [d] . The value of the fraction is [a] to [b] . Find the fraction .	[a] * [m] - [b] * [n] = 0,[m] - [c] * [n] = [d]	[{'SentenceId': 0, 'TokenId': 6, 'Value': 2.0, 'coeff': 'c'}, {'SentenceId': 0, 'TokenId': 10, 'Value': 10.0, 'coeff': 'd'}, {'SentenceId': 1, 'TokenId': 6, 'Value': 5, 'coeff': 'a'}, {'SentenceId': 1, 'TokenId': 8, 'Value': 12, 'coeff': 'b'}]	[25.0, 60.0]
The larger of two numbers is [b] less than [a] the smaller . Their sum is [c] . Find the larger number .	[a] * [m] - [n] = [b],[m] + [n] = [c]	[{'SentenceId': 0, 'TokenId': 9, 'Value': 2.0, 'coeff': 'a'}, {'SentenceId': 0, 'TokenId': 6, 'Value': 4.0, 'coeff': 'b'}, {'SentenceId': 1, 'TokenId': 3, 'Value': 23.0, 'coeff': 'c'}]	[14.0, 9.0]
An investment at [a] % and some at [b] % annual simple interest . The interest for 1 year on the combined investment of $ [d] was $ [c] . How much was invested at each rate ?	0.01 * [a] * [m] + 0.01 * [b] * [n] = [c],[n] + [m] = [d]	[{'SentenceId': 0, 'TokenId': 3, 'Value': 8.0, 'coeff': 'a'}, {'SentenceId': 0, 'TokenId': 8, 'Value': 9.0, 'coeff': 'b'}, {'SentenceId': 1, 'TokenId': 14, 'Value': 840.0, 'coeff': 'c'}, {'SentenceId': 1, 'TokenId': 11, 'Value': 10000.0, 'coeff': 'd'}]	[6000.0, 4000.0]
The sum of bob 's age and carol 's age is [c] . Carol 's age is [b] more than [a] times bob 's age . How old are Carol and bob ?	[m] - [a] * [n] = [b],[m] + [n] = [c]	[{'SentenceId': 1, 'TokenId': 7, 'Value': 3.0, 'coeff': 'a'}, {'SentenceId': 1, 'TokenId': 4, 'Value': 2.0, 'coeff': 'b'}, {'SentenceId': 0, 'TokenId': 11, 'Value': 66.0, 'coeff': 'c'}]	[50.0, 16.0]
In [c] years , alex will be [d] times as old as his sister Precy . [b] year ago , Alex was [a] times as old as Precy . How old are they now ?	[m] - [a] * [n] = -1 * [a] * [b] + [b],[m] - [c] * [n] = [c] * [d] - [d]	[{'SentenceId': 1, 'TokenId': 6, 'Value': 7.0, 'coeff': 'a'}, {'SentenceId': 1, 'TokenId': 0, 'Value': 1.0, 'coeff': 'b'}, {'SentenceId': 0, 'TokenId': 1, 'Value': 3.0, 'coeff': 'c'}, {'SentenceId': 0, 'TokenId': 7, 'Value': 3.0, 'coeff': 'd'}]	[15.0, 3.0]
two investments in companies total $ [d] . If one investment earns [a] % annually and the other earns [b] % annually . Find the amount invested in each , if the total interest earned in $ [c] .	0.01 * [a] * [m] + 0.01 * [b] * [n] = [c],[n] + [m] = [d]	[{'SentenceId': 1, 'TokenId': 4, 'Value': 3.0, 'coeff': 'a'}, {'SentenceId': 1, 'TokenId': 11, 'Value': 2.0, 'coeff': 'b'}, {'SentenceId': 2, 'TokenId': 14, 'Value': 54.0, 'coeff': 'c'}, {'SentenceId': 0, 'TokenId': 6, 'Value': 2000.0, 'coeff': 'd'}]	[1400.0, 600.0]
Lorna is [b] as older as peter . if their ages add up to [a] years old , how old is peter .	[m] + [n] = [a],[n] - [b] * [m] = 0	[{'SentenceId': 1, 'TokenId': 6, 'Value': 9.0, 'coeff': 'a'}, {'SentenceId': 0, 'TokenId': 2, 'Value': 2.0, 'coeff': 'b'}]	[3.0, 6.0]
A chef is using a mixture of two brands of Italian dressing . The first brand contains [a] % vinegar , and the second brand contains [b] % vinegar . The chef wants to make [c] milliliters of a dressing that is [d] % vinegar . How much of each brand should she use ?	[a] * [m] + [b] * [n] = [c] * [d],[m] + [n] = [c]	[{'SentenceId': 1, 'TokenId': 4, 'Value': 8.0, 'coeff': 'a'}, {'SentenceId': 1, 'TokenId': 13, 'Value': 13.0, 'coeff': 'b'}, {'SentenceId': 2, 'TokenId': 5, 'Value': 320.0, 'coeff': 'c'}, {'SentenceId': 2, 'TokenId': 12, 'Value': 11.0, 'coeff': 'd'}]	[128.0, 192.0]
My horse and saddle are worth $ [a] , and my horse is worth [b] times as much as my saddle . What is the value of each ?	[m] + [n] = [a],[n] - [b] * [m] = 0	[{'SentenceId': 0, 'TokenId': 7, 'Value': 100.0, 'coeff': 'a'}, {'SentenceId': 0, 'TokenId': 14, 'Value': 7.0, 'coeff': 'b'}]	[12.5, 87.5]
Julie is [c] times older than Aaron . In [b] years Julie will be [a] as old as Aaron . How old are Julie and Aaron ?	[m] - [a] * [n] = [a] * [b] - [b],[m] - [c] * [n] = 0	[{'SentenceId': 1, 'TokenId': 6, 'Value': 2.0, 'coeff': 'a'}, {'SentenceId': 1, 'TokenId': 1, 'Value': 10.0, 'coeff': 'b'}, {'SentenceId': 0, 'TokenId': 2, 'Value': 4.0, 'coeff': 'c'}]	[5.0, 20.0]
find two numbers whose difference is [a] , such that the larger number is [b] times the smaller .	[m] - [n] = [a],[m] - [b] * [n] = 0	[{'SentenceId': 0, 'TokenId': 6, 'Value': 200.0, 'coeff': 'a'}, {'SentenceId': 0, 'TokenId': 14, 'Value': 5.0, 'coeff': 'b'}]	[250.0, 50.0]
when fritz drives to work his trip takes [b] minutes , but when he takes the train it takes [a] minutes . find the distance fritz travels to work if the train travels an average of [c] mph faster than his driving .	1 / [a] * [m] - 1 / [b] * [m] = [c] * 1 / 60	[{'SentenceId': 0, 'TokenId': 19, 'Value': 40.0, 'coeff': 'a'}, {'SentenceId': 0, 'TokenId': 8, 'Value': 48.0, 'coeff': 'b'}, {'SentenceId': 1, 'TokenId': 14, 'Value': 6.0, 'coeff': 'c'}]	[24.0]
Ashley won $ 5000 in a contest . She invested some of the money at [a] % simple interest and $ [e] less than [d] that amount at [b] % . In one year , she earned $ [c] in interest . How much did she invest at each rate ?	0.01 * [a] * [m] + 0.01 * [b] * [n] = [c],[d] * [m] - [n] = [e]	[{'SentenceId': 1, 'TokenId': 7, 'Value': 5.0, 'coeff': 'a'}, {'SentenceId': 1, 'TokenId': 20, 'Value': 6.5, 'coeff': 'b'}, {'SentenceId': 2, 'TokenId': 7, 'Value': 298.0, 'coeff': 'c'}, {'SentenceId': 1, 'TokenId': 16, 'Value': 2.0, 'coeff': 'd'}, {'SentenceId': 1, 'TokenId': 13, 'Value': 400.0, 'coeff': 'e'}]	[1800.0, 3200.0]
One number is [b] less than [a] times another . If the sum of the two numbers is [c] , find the numbers .	[a] * [m] - [n] = [b],[m] + [n] = [c]	[{'SentenceId': 0, 'TokenId': 6, 'Value': 5.0, 'coeff': 'a'}, {'SentenceId': 0, 'TokenId': 3, 'Value': 8.0, 'coeff': 'b'}, {'SentenceId': 1, 'TokenId': 8, 'Value': 28.0, 'coeff': 'c'}]	[22.0, 6.0]
For Monday mornings staff meeting , Jim bought [a] bags of bagels and [b] packages of cream cheese and paid $ [c] -LRB- excluding sales tax -RRB- . For Fridays meeting , he bought [d] bags of bagels and [e] packages of cream cheese and paid $ [f] -LRB- again , excluding sales tax -RRB- . How much do bags of bagels and packages of cream cheese cost ?	[a] * [m] + [b] * [n] = [c],[d] * [m] + [e] * [n] = [f]	[{'SentenceId': 0, 'TokenId': 8, 'Value': 2.0, 'coeff': 'a'}, {'SentenceId': 0, 'TokenId': 13, 'Value': 3.0, 'coeff': 'b'}, {'SentenceId': 0, 'TokenId': 21, 'Value': 9.75, 'coeff': 'c'}, {'SentenceId': 1, 'TokenId': 6, 'Value': 4.0, 'coeff': 'd'}, {'SentenceId': 1, 'TokenId': 11, 'Value': 2.0, 'coeff': 'e'}, {'SentenceId': 1, 'TokenId': 19, 'Value': 12.5, 'coeff': 'f'}]	[2.25, 1.75]
A motor boat takes [c] hrs to travel [b] mi going upstream . The return trip takes [a] hrs . going downstream . What is the rate of the boat in still water and what is the rate of the current ?	[a] * [m] + [a] * [n] = [b],[c] * [m] - [c] * [n] = [b]	[{'SentenceId': 1, 'TokenId': 4, 'Value': 2.0, 'coeff': 'a'}, {'SentenceId': 0, 'TokenId': 8, 'Value': 300.0, 'coeff': 'b'}, {'SentenceId': 0, 'TokenId': 4, 'Value': 5.0, 'coeff': 'c'}]	[105.0, 45.0]
Two number differ by [c] . The larger number is [b] less than [a] the smaller number . Find the numbers .	[a] * [m] - [n] = [b],[n] - [m] = [c]	[{'SentenceId': 1, 'TokenId': 7, 'Value': 2.0, 'coeff': 'a'}, {'SentenceId': 1, 'TokenId': 4, 'Value': 6.0, 'coeff': 'b'}, {'SentenceId': 0, 'TokenId': 4, 'Value': 10.0, 'coeff': 'c'}]	[16.0, 26.0]
If one integer is added to another and it equals [a] , and if the smallest is subtracted from the largest and it equals [b] than what would be the integers ?	[m] + [n] = [a],[m] - [n] = [b]	[{'SentenceId': 0, 'TokenId': 10, 'Value': -9.0, 'coeff': 'a'}, {'SentenceId': 0, 'TokenId': 24, 'Value': 1.0, 'coeff': 'b'}]	[-5.0, -4.0]
Adam can paint a house in [a] hours . Audrey can paint the same house in [b] hours . If they work together how long will it take to paint the house ?	1 / [a] * [m] + 1 / [b] * [m] = 1	[{'SentenceId': 0, 'TokenId': 6, 'Value': 5.0, 'coeff': 'a'}, {'SentenceId': 1, 'TokenId': 7, 'Value': 6.0, 'coeff': 'b'}]	[2.72727272727]
one number is [b] more than [a] times another . Their sum is [c] . Find the two numbers .	[m] - [a] * [n] = [b],[m] + [n] = [c]	[{'SentenceId': 0, 'TokenId': 6, 'Value': 4.0, 'coeff': 'a'}, {'SentenceId': 0, 'TokenId': 3, 'Value': 5.0, 'coeff': 'b'}, {'SentenceId': 1, 'TokenId': 3, 'Value': 35.0, 'coeff': 'c'}]	[29.0, 6.0]
a minor league baseball team plays [c] games in a season . if the team won [b] more than [a] times as many games as they lost , how many wins and losses did the team have ?	[m] - [a] * [n] = [b],[m] + [n] = [c]	[{'SentenceId': 1, 'TokenId': 7, 'Value': 3.0, 'coeff': 'a'}, {'SentenceId': 1, 'TokenId': 4, 'Value': 14.0, 'coeff': 'b'}, {'SentenceId': 0, 'TokenId': 6, 'Value': 130.0, 'coeff': 'c'}]	[101.0, 29.0]
[d] is divided into two parts such that [a] times the first part added to [b] times the second part makes [c] .	[a] * [m] + [b] * [n] = [c],[m] + [n] = [d]	[{'SentenceId': 0, 'TokenId': 8, 'Value': 7.0, 'coeff': 'a'}, {'SentenceId': 0, 'TokenId': 15, 'Value': 5.0, 'coeff': 'b'}, {'SentenceId': 0, 'TokenId': 21, 'Value': 146.0, 'coeff': 'c'}, {'SentenceId': 0, 'TokenId': 0, 'Value': 24.0, 'coeff': 'd'}]	[13.0, 11.0]
A Distillate flows into an empty [b] drum at spout A and out of the drum at spout B . If the rate of flow through A is [c] gallons per hour , how many gallons per hour must flow out at spout B so that the drum is full in exactly [a] hours ?	[a] * [m] = [b] + [a] * [c]	[{'SentenceId': 1, 'TokenId': 32, 'Value': 96.0, 'coeff': 'a'}, {'SentenceId': 0, 'TokenId': 6, 'Value': 64.0, 'coeff': 'b'}, {'SentenceId': 1, 'TokenId': 8, 'Value': 2.0, 'coeff': 'c'}]	[2.66666666667]
erin and susan both took their dogs for a walk . together they walked [a] miles . if erin walked [b] miles less than susan , how far did susan walk with her dog ?	[m] + [n] = [a],[m] - [n] = [b]	[{'SentenceId': 1, 'TokenId': 3, 'Value': 15.0, 'coeff': 'a'}, {'SentenceId': 2, 'TokenId': 3, 'Value': 3.0, 'coeff': 'b'}]	[9.0, 6.0]
a machine company has an incentive plan for its salesperson . For each machine that a salesperson sell , the commission is $ [a] . The commission for every machine sold will increase by $ [b] for each machine sold over [d] . How many machines must salesperson sell in order to earn $ [c] .	[a] * [m] + [b] * [m] = [c] + [b] * [d]	[{'SentenceId': 1, 'TokenId': 12, 'Value': 40.0, 'coeff': 'a'}, {'SentenceId': 2, 'TokenId': 10, 'Value': 0.04, 'coeff': 'b'}, {'SentenceId': 3, 'TokenId': 11, 'Value': 30800.0, 'coeff': 'c'}, {'SentenceId': 2, 'TokenId': 16, 'Value': 600.0, 'coeff': 'd'}]	[769.83016983]
a machine company has an incentive plan for its salesperson . For each machine that a salesperson sell , the commission is $ [a] . The commission for every machine sold will increase by $ [b] for each machine sold over [d] . How many machines must salesperson sell in order to earn $ [c] .	[a] * [m] + [b] * [m] = [c] + [b] * [d]	[{'SentenceId': 1, 'TokenId': 12, 'Value': 40.0, 'coeff': 'a'}, {'SentenceId': 2, 'TokenId': 10, 'Value': 0.04, 'coeff': 'b'}, {'SentenceId': 3, 'TokenId': 11, 'Value': 30800.0, 'coeff': 'c'}, {'SentenceId': 2, 'TokenId': 16, 'Value': 600.0, 'coeff': 'd'}]	[769.83016983]
Jolene bought [a] blouses at one price and [b] blouses priced $ [d] below the others . The total cost was $ [c] . Find the prices of the blouses .	[a] * [m] + [b] * [n] = [c],[m] - [n] = [d]	[{'SentenceId': 0, 'TokenId': 2, 'Value': 3.0, 'coeff': 'a'}, {'SentenceId': 0, 'TokenId': 8, 'Value': 2.0, 'coeff': 'b'}, {'SentenceId': 1, 'TokenId': 5, 'Value': 91.5, 'coeff': 'c'}, {'SentenceId': 0, 'TokenId': 12, 'Value': 3.0, 'coeff': 'd'}]	[19.5, 16.5]
The sum of the digits of a two-digit number is [b] . If the digits are reversed , the number is [a] less than the original number . Find the original number .	10 * [m] + [n] - 10 * [n] - [m] = -1 * [a],[n] + [m] = [b]	[{'SentenceId': 1, 'TokenId': 9, 'Value': 18.0, 'coeff': 'a'}, {'SentenceId': 0, 'TokenId': 10, 'Value': 14.0, 'coeff': 'b'}]	[8.0, 6.0]
[a] the sum of [d] and [b] times some number is [c] . what is the number ?	[a] * [b] * [m] = [c] - [a] * [d]	[{'SentenceId': 0, 'TokenId': 0, 'Value': 2.0, 'coeff': 'a'}, {'SentenceId': 0, 'TokenId': 6, 'Value': 3.0, 'coeff': 'b'}, {'SentenceId': 0, 'TokenId': 11, 'Value': 34.0, 'coeff': 'c'}, {'SentenceId': 0, 'TokenId': 4, 'Value': 4.0, 'coeff': 'd'}]	[4.33333333333]
Grant is thinking of two numbers . He says that one of the numbers is [a] times the other number decreased by [b] and the sum of the numbers is [c] . What are the numbers ?	[a] * [m] - [n] = [b],[m] + [n] = [c]	[{'SentenceId': 1, 'TokenId': 8, 'Value': 6.0, 'coeff': 'a'}, {'SentenceId': 1, 'TokenId': 15, 'Value': 2.0, 'coeff': 'b'}, {'SentenceId': 1, 'TokenId': 23, 'Value': 25.0, 'coeff': 'c'}]	[3.85714285714, 21.1428571429]
Nutrition : One eight-ounce glass of apple juice and one eight-ounce glass of orange juice contain a total of [d] milligrams of vitamin C. [a] eight-ounce glasses of apple juice and [b] eight-ounce glasses of orange juice contain a total of [c] milligrams of vitamin C. How much vitamin C is in an eight-ounce glass of each type of juice ?	[a] * [m] + [b] * [n] = [c],[m] + [n] = [d]	[{'SentenceId': 0, 'TokenId': 24, 'Value': 2.0, 'coeff': 'a'}, {'SentenceId': 0, 'TokenId': 31, 'Value': 3.0, 'coeff': 'b'}, {'SentenceId': 0, 'TokenId': 41, 'Value': 452.0, 'coeff': 'c'}, {'SentenceId': 0, 'TokenId': 19, 'Value': 185.0, 'coeff': 'd'}]	[103.0, 82.0]
Tom has [d] coins in [a] and [b] . Their value is $ [c] . How many coins of each type does he have ?	[a] * [m] + [b] * [n] = [c],[m] + [n] = [d]	[{'SentenceId': 0, 'TokenId': 5, 'Value': 0.25, 'coeff': 'a'}, {'SentenceId': 0, 'TokenId': 7, 'Value': 0.05000000074505806, 'coeff': 'b'}, {'SentenceId': 1, 'TokenId': 4, 'Value': 2.2, 'coeff': 'c'}, {'SentenceId': 0, 'TokenId': 2, 'Value': 12.0, 'coeff': 'd'}]	[4.0, 8.0]
A father is now [c] as old as his daughter . [b] years ago he was [a] times as old as her . How old are they both now ?	[m] - [a] * [n] = -1 * [a] * [b] + [b],[m] - [c] * [n] = 0	[{'SentenceId': 1, 'TokenId': 5, 'Value': 3.0, 'coeff': 'a'}, {'SentenceId': 1, 'TokenId': 0, 'Value': 10.0, 'coeff': 'b'}, {'SentenceId': 0, 'TokenId': 4, 'Value': 2.0, 'coeff': 'c'}]	[40.0, 20.0]
A person is chosing between 2 cellular phone plans . One has a monthly fee of $ [e] for [f] minutes plus $ [a] for each minute over the 500 . The second plan has a monthly fee of $ [c] for [d] minutes plus $ [b] for each minute over the 1000 . After how many minutes used are the monthly costs of the plans equal ?	[a] * [m] - [b] * [m] = [c] - [b] * [d] - [e] + [a] * [f]	[{'SentenceId': 1, 'TokenId': 13, 'Value': 0.35, 'coeff': 'a'}, {'SentenceId': 2, 'TokenId': 15, 'Value': 0.45, 'coeff': 'b'}, {'SentenceId': 2, 'TokenId': 9, 'Value': 75.0, 'coeff': 'c'}, {'SentenceId': 2, 'TokenId': 11, 'Value': 1000.0, 'coeff': 'd'}, {'SentenceId': 1, 'TokenId': 7, 'Value': 50.0, 'coeff': 'e'}, {'SentenceId': 1, 'TokenId': 9, 'Value': 500.0, 'coeff': 'f'}]	[2500.0]
The length of a rectangle is [a] longer than its width . If the perimeter of the rectangle is [b] , find its width and length .	[m] - [n] = [a],2 * [n] + 2 * [m] = [b]	[{'SentenceId': 0, 'TokenId': 6, 'Value': 3.0, 'coeff': 'a'}, {'SentenceId': 1, 'TokenId': 7, 'Value': 34.0, 'coeff': 'b'}]	[7.0, 10.0]
The sum of [e] times a number and [a] times another number is [f] . [b] times the first number is [c] less than [d] times the opposite of the second number . Find the numbers .	[a] * [m] + [b] * [n] = -1 * [c],[d] * [m] + [e] * [n] = [f]	[{'SentenceId': 0, 'TokenId': 8, 'Value': 4.0, 'coeff': 'a'}, {'SentenceId': 1, 'TokenId': 0, 'Value': 5.0, 'coeff': 'b'}, {'SentenceId': 0, 'TokenId': 3, 'Value': 3.0, 'coeff': 'e'}, {'SentenceId': 1, 'TokenId': 9, 'Value': 4.0, 'coeff': 'd'}, {'SentenceId': 1, 'TokenId': 6, 'Value': 3.0, 'coeff': 'c'}, {'SentenceId': 0, 'TokenId': 13, 'Value': 43.0, 'coeff': 'f'}]	[-23.0, 28.0]
it takes [b] quarts of feul for a pilot to fly [a] miles . How many quarts are needed for [c] miles .	[a] * [m] = [b] * [c]	[{'SentenceId': 0, 'TokenId': 11, 'Value': 1000.0, 'coeff': 'a'}, {'SentenceId': 0, 'TokenId': 2, 'Value': 6.0, 'coeff': 'b'}, {'SentenceId': 1, 'TokenId': 6, 'Value': 2500.0, 'coeff': 'c'}]	[15.0]
If the sum of two numbers is [a] , and thier difference is [b] , find the smaller number .	[m] + [n] = [a],[m] - [n] = [b]	[{'SentenceId': 0, 'TokenId': 7, 'Value': 120.0, 'coeff': 'a'}, {'SentenceId': 0, 'TokenId': 13, 'Value': 42.0, 'coeff': 'b'}]	[81.0, 39.0]
The sum of two consecutive whole numbers is [a] . Find the numbers .	[m] + [m] = [a] - 1	[{'SentenceId': 0, 'TokenId': 8, 'Value': 27.0, 'coeff': 'a'}]	[13.0]
I subtract [d] from a certain number and then divided the result by [b] . The result is the same as adding [c] to the number and then dividing by [a] . Find the number .	[a] * [m] - [b] * [m] = [b] * [c] + [a] * [d]	[{'SentenceId': 1, 'TokenId': 15, 'Value': 5.0, 'coeff': 'a'}, {'SentenceId': 0, 'TokenId': 13, 'Value': 3.0, 'coeff': 'b'}, {'SentenceId': 1, 'TokenId': 7, 'Value': 3.0, 'coeff': 'c'}, {'SentenceId': 0, 'TokenId': 2, 'Value': 13.0, 'coeff': 'd'}]	[37.0]
A group of farmers planned to clean [a] acres of wheat per day to finish the work on schedule . Right before the work started , they received a new piece of machinery that helped them clean [b] more acres per day than originally planned . As a result of increased productivity in the last day before the deadline they only had to clean [c] acres . How many acres of wheat did the group of farmers have to clean ?	[a] * [m] + [b] * [m] - [n] = [a] + [b] - [c],[a] * [m] - [n] = 0	[{'SentenceId': 0, 'TokenId': 7, 'Value': 80.0, 'coeff': 'a'}, {'SentenceId': 1, 'TokenId': 17, 'Value': 10.0, 'coeff': 'b'}, {'SentenceId': 2, 'TokenId': 18, 'Value': 30.0, 'coeff': 'c'}]	[6.0, 480.0]
